1765	0	314568	1
417	0	4254532	1
1309	0	5967911	1
1309	0	688970	1
140	0	8866037	1
477	0	1308906	1
1534	0	3570590	1
1463	0	3372171	1
1243	0	4269266	1
18	0	7089153	1
329	0	2765124	1
1577	0	7819357	1
1241	0	81066	1
727	0	8466547	1
1129	0	7549539	1
1129	0	2083852	1
885	0	1924363	1
1158	0	2000062	1
1158	0	4825438	1
1158	0	1188707	1
1158	0	7868604	1
1415	0	6465163	1
7	0	34494	1
986	0	3846268	1
372	0	7752779	1
1144	0	8295724	1
323	0	2461026	1
817	0	7137226	1
1353	0	3056165	1
1056	0	3433499	1
764	0	8183490	1
1244	0	869700	1
753	0	849374	1
23	0	1791204	1
1298	0	6688933	1
1785	0	8113110	1
1018	0	2218420	1
1018	0	1235968	1
192	0	8074171	1
1389	0	683341	1
1540	0	3793925	1
979	0	7647837	1
337	0	6469477	1
678	0	8081335	1
1162	0	5039297	1
271	0	8844915	1
1581	0	1894601	1
1717	0	8737182	1
1794	0	5320079	1
487	0	162226	1
1057	0	4018737	1
411	0	4397873	1
1017	0	5108823	1
296	0	485575	1
296	0	6782701	1
844	0	875242	1
420	0	3662551	1
960	0	3093164	1
523	0	1982868	1
325	0	8580963	1
543	0	2984213	1
1559	0	6984435	1
1258	0	1909403	1
1258	0	6145428	1
818	0	8276228	1
509	0	917341	1
768	0	2125408	1
1426	0	2827581	1
1266	0	5442687	1
1687	0	7705398	1
1687	0	432580	1
1687	0	4970747	1
1687	0	1583074	1
1687	0	4214131	1
1257	0	4494075	1
1590	0	1797027	1
1590	0	7598398	1
1590	0	6960297	1
1590	0	1208811	1
1430	0	3659449	1
1279	0	6187016	1
1196	0	5944681	1
1726	0	6895369	1
1469	0	1057600	1
510	0	4621371	1
731	0	7637240	1
925	0	3355221	1
1659	0	6436052	1
513	0	3959088	1
173	0	6277965	1
759	0	648794	1
5	0	542383	1
152	0	308581	1
1490	0	2332896	1
1053	0	5659399	1
1759	0	4377451	1
1330	0	7956297	1
289	0	4360875	1
455	0	2537958	1
260	0	2399734	1
388	0	6818460	1
898	0	184246	1
538	0	4854673	1
78	0	6931142	1
554	0	4425613	1
554	0	3066121	1
6	0	6682677	1
6	0	4023293	1
6	0	4287317	1
1126	0	7960280	1
609	0	5345935	1
751	0	8704422	1
751	0	6499469	1
993	0	3239993	1
1334	0	7902819	1
264	0	7160684	1
51	0	6795676	1
1793	0	2052118	1
1793	0	4679245	1
1793	0	8608623	1
1793	0	7084731	1
1070	0	8232606	1
1546	0	6009046	1
1235	0	4363538	1
1633	0	2990987	1
1185	0	272750	1
1610	0	2000133	1
495	0	7031483	1
189	0	7981776	1
1231	0	5868177	1
1157	0	8237717	1
1333	0	8824903	1
1136	0	8490400	1
1091	0	5140690	1
268	0	158759	1
619	0	7370506	1
684	0	3804693	1
822	0	5446763	1
988	0	1611159	1
1597	0	7866128	1
1465	0	1135818	1
1465	0	1328596	1
539	0	4221133	1
1651	0	2664953	1
377	0	8612505	1
905	0	5733874	1
207	0	1379825	1
1756	0	6073951	1
852	0	8315412	1
544	0	7426577	1
1083	0	5944628	1
1538	0	5097135	1
514	0	3337666	1
454	0	5565077	1
149	0	7725450	1
272	0	616040	1
915	0	5587555	1
1515	0	1302740	1
1192	0	8214458	1
76	0	755704	1
968	0	2743792	1
1695	0	1884103	1
1613	0	5851054	1
499	0	837793	1
499	0	8801271	1
30	0	7711685	1
255	0	58562	1
128	0	4626979	1
1189	0	6378396	1
899	0	3858550	1
747	0	3750545	1
1287	0	4759209	1
1116	0	8372095	1
1130	0	8882892	1
214	0	6019361	1
1329	0	1457649	1
282	0	8004302	1
228	0	4231512	1
535	0	6867505	1
704	0	1262425	1
9	0	4651306	1
188	0	5927473	1
601	0	3025860	1
290	0	1391894	1
290	0	910699	1
846	0	442595	1
366	0	2497961	1
1125	0	8653248	1
1148	0	7313667	1
467	0	2423069	1
1555	0	4955042	1
1555	0	858917	1
334	0	2250507	1
334	0	3425731	1
1105	0	6145833	1
1474	0	5767016	1
391	0	3399469	1
1420	0	7785346	1
1223	0	5803461	1
985	0	4242875	1
965	0	8409491	1
1331	0	6056666	1
660	0	7908077	1
922	0	6548706	1
1649	0	8216558	1
1649	0	2300239	1
37	0	3829808	1
270	0	8692965	1
352	0	8169906	1
772	0	8376594	1
1380	0	6822724	1
1206	0	2265488	1
1086	0	3846620	1
87	0	8798947	1
624	0	7542815	1
1575	0	3881933	1
1365	0	7732588	1
1621	0	7145386	1
1676	0	7675993	1
1517	0	1057009	1
1672	0	8130548	1
1274	0	2910990	1
1274	0	5393709	1
1383	0	7322041	1
1314	0	249623	1
855	0	4312828	1
153	0	2491948	1
1325	0	6412179	1
1325	0	4473281	1
1584	0	5403714	1
1506	0	3107583	1
1729	0	8669366	1
566	0	5883690	1
1714	0	26395	1
1035	0	4008483	1
81	0	900322	1
1004	0	4257278	1
194	0	6251132	1
1427	0	5527382	1
671	0	5391458	1
840	0	4190990	1
328	0	246805	1
1405	0	2237389	1
469	0	1667706	1
649	0	832316	1
1748	0	8819374	1
1039	0	8240741	1
1226	0	8529005	1
1321	0	3036237	1
1487	0	7265908	1
745	0	6335141	1
765	0	6329001	1
890	0	3533548	1
432	0	616877	1
923	0	5480116	1
315	0	6745141	1
1447	0	4679767	1
98	0	2536553	1
1514	0	4134869	1
1660	0	3255487	1
633	0	7892899	1
1150	0	2268698	1
971	0	1038131	1
227	0	4455631	1
1247	0	2700724	1
193	0	678013	1
1451	0	5866850	1
1451	0	175758	1
1742	0	7194858	1
1707	0	8115196	1
1656	0	899614	1
980	0	3460199	1
1743	0	8644347	1
399	0	8742011	1
399	0	8348049	1
131	0	154742	1
537	0	3427434	1
537	0	1659129	1
1594	0	4602377	1
900	0	2553273	1
900	0	5008824	1
333	0	4285862	1
792	0	4532178	1
792	0	7515585	1
1212	0	3617644	1
540	0	7732456	1
201	0	4897237	1
201	0	1918338	1
201	0	7253128	1
386	0	8482661	1
1381	0	7299762	1
1564	0	918381	1
1550	0	8005258	1
742	0	5271476	1
1138	0	335727	1
1666	0	1413600	1
835	0	207795	1
324	0	8492712	1
1167	0	7563671	1
828	0	681581	1
828	0	8103725	1
828	0	5872752	1
891	0	7176170	1
132	0	7477541	1
692	0	2425890	1
476	0	7526863	1
1269	0	272707	1
1256	0	3198	1
1288	0	1267305	1
1471	0	211803	1
912	0	1585414	1
994	0	1142657	1
243	0	3078684	1
1031	0	1814857	1
307	0	3817483	1
1221	0	2362327	1
875	0	2490026	1
770	0	464520	1
484	0	2296663	1
484	0	664177	1
893	0	5719564	1
363	0	3343415	1
1496	0	3211805	1
1496	0	3612115	1
1599	0	4535517	1
1508	0	2120904	1
211	0	2792867	1
174	0	5913908	1
1507	0	1683110	1
1507	0	987314	1
1507	0	2963654	1
1352	0	8309032	1
1524	0	8487836	1
1062	0	1383761	1
1385	0	4139045	1
1134	0	7625878	1
970	0	5944780	1
563	0	8564392	1
1571	0	3774812	1
549	0	1926173	1
561	0	1309347	1
119	0	5100294	1
119	0	3519643	1
119	0	2933739	1
119	0	1067747	1
496	0	4547730	1
118	0	6291620	1
1267	0	4007091	1
1267	0	5694451	1
1267	0	1051577	1
1267	0	1957155	1
154	0	1960272	1
600	0	7667655	1
600	0	8235218	1
1468	0	4060393	1
1468	0	85950	1
1468	0	1019515	1
1468	0	5503622	1
1014	0	2285740	1
1014	0	3965604	1
1014	0	7508390	1
1014	0	3980399	1
803	0	4536730	1
803	0	1047979	1
803	0	2276585	1
803	0	4778943	1
1073	0	6865891	1
197	0	7191849	1
1520	0	7575977	1
1444	0	372132	1
111	0	7243801	1
1411	0	5669860	1
901	0	7679933	1
930	0	8417582	1
291	0	4866392	1
833	0	3539054	1
401	0	5753587	1
1754	0	6052040	1
1754	0	7276882	1
676	0	3287985	1
38	0	2282000	1
1698	0	7800496	1
248	0	1223404	1
888	0	4956202	1
888	0	2391433	1
888	0	2476050	1
168	0	4358259	1
46	0	2638994	1
356	0	4837537	1
356	0	5284710	1
1069	0	3486421	1
565	0	7253377	1
575	0	8739005	1
28	0	4355931	1
28	0	7131521	1
1253	0	299261	1
771	0	7599280	1
992	0	3535563	1
1434	0	1704284	1
1527	0	2896377	1
1527	0	8298644	1
1527	0	4249234	1
1527	0	4519791	1
1527	0	7400980	1
450	0	5869726	1
604	0	1527468	1
217	0	5445232	1
1601	0	7233189	1
812	0	5817053	1
909	0	8381627	1
1299	0	2924811	1
605	0	651158	1
1262	0	3351189	1
180	0	3738671	1
1002	0	4596091	1
91	0	171356	1
91	0	6926824	1
392	0	6786778	1
936	0	1360519	1
936	0	6027573	1
936	0	2029847	1
936	0	6442018	1
936	0	6459285	1
570	0	3741487	1
570	0	5836629	1
1320	0	3237068	1
292	0	6889516	1
242	0	6853311	1
1255	0	8562816	1
1152	0	4775383	1
1648	0	1409233	1
1580	0	2955237	1
585	0	3591220	1
1753	0	7587836	1
267	0	7490791	1
1040	0	6535928	1
572	0	4928187	1
256	0	5359442	1
1337	0	2068464	1
590	0	7132569	1
431	0	90544	1
1783	0	1503437	1
878	0	33442	1
1198	0	1205188	1
199	0	735196	1
210	0	7835498	1
346	0	2965107	1
1789	0	1221815	1
522	0	3462360	1
179	0	723732	1
385	0	4825297	1
1585	0	4129977	1
1604	0	7620684	1
1604	0	8531042	1
1007	0	7084150	1
1294	0	1836622	1
1699	0	3805672	1
750	0	3377520	1
524	0	7655823	1
370	0	2799813	1
1169	0	1513984	1
669	0	5885267	1
669	0	779591	1
1523	0	2968263	1
1421	0	6282267	1
691	0	3775559	1
614	0	6426922	1
569	0	2965866	1
983	0	1144493	1
1117	0	1545086	1
142	0	7676913	1
1067	0	5180179	1
1392	0	7083302	1
1362	0	4697606	1
318	0	4348839	1
196	0	7872178	1
919	0	905490	1
382	0	1488231	1
578	0	5166082	1
918	0	2687638	1
796	0	558544	1
1030	0	6032058	1
863	0	7988748	1
187	0	7355520	1
1234	0	4495436	1
1674	0	7832264	1
442	0	4066042	1
274	0	3187656	1
1579	0	1206223	1
1084	0	5088087	1
1064	0	1449826	1
1735	0	6465459	1
167	0	5688683	1
775	0	7765407	1
1363	0	6219192	1
185	0	6116274	1
1305	0	8592028	1
279	0	3608246	1
1500	0	6081425	1
1545	0	6873208	1
1164	0	4884938	1
212	0	5647014	1
212	0	7519914	1
736	0	324150	1
562	0	6664752	1
177	0	1369610	1
1616	0	6043144	1
1702	0	5602773	1
314	0	1477467	1
426	0	5602707	1
1446	0	1717484	1
1572	0	2093668	1
208	0	1324261	1
493	0	5018637	1
1233	0	3628181	1
1027	0	3297807	1
1027	0	2508075	1
319	0	1998073	1
1273	0	1102484	1
1528	0	782746	1
1393	0	2681410	1
39	0	2734186	1
1265	0	4100414	1
165	0	5921955	1
681	0	8093854	1
681	0	5471502	1
657	0	6421952	1
719	0	6585695	1
1029	0	7789651	1
1094	0	1106494	1
1124	0	5656877	1
659	0	5372259	1
831	0	7930987	1
1248	0	3788854	1
390	0	8242995	1
1592	0	3224168	1
533	0	324436	1
950	0	5668128	1
950	0	3430604	1
1355	0	8737868	1
1680	0	2223996	1
786	0	6384486	1
95	0	4015196	1
166	0	492663	1
779	0	6625166	1
404	0	5821811	1
1106	0	1757525	1
1106	0	6655552	1
939	0	1316856	1
1211	0	4381057	1
1149	0	5728901	1
492	0	2935736	1
1731	0	4014577	1
1366	0	6720841	1
1797	0	3657208	1
928	0	4520218	1
928	0	633818	1
928	0	3134110	1
928	0	2772489	1
928	0	3407785	1
928	0	3850330	1
1798	0	7758845	1
1799	0	1820378	1
1800	0	5317006	1
1801	0	6548333	1
1802	0	8285340	1
1803	0	6050337	1
1804	0	6047488	1
1805	0	5423834	1
744	0	1479454	1
1602	0	5588651	1
1602	0	2699523	1
1602	0	7970271	1
1602	0	7391609	1
613	0	588271	1
135	0	2784775	1
135	0	1855907	1
756	0	4638541	1
1344	0	1898269	1
550	0	3215615	1
592	0	5730573	1
592	0	1451213	1
1658	0	4974522	1
1011	0	8357839	1
894	0	2020356	1
345	0	1043519	1
1657	0	8190870	1
1229	0	6180045	1
43	0	6025801	1
734	0	4292551	1
1519	0	3358690	1
1406	0	6093946	1
729	0	5002572	1
666	0	8248929	1
503	0	6032225	1
859	0	1522108	1
859	0	4886120	1
262	0	5736881	1
262	0	5702190	1
262	0	879256	1
262	0	65760	1
1360	0	2323928	1
653	0	7531360	1
67	0	8452597	1
353	0	7692405	1
488	0	3399312	1
257	0	1095465	1
1022	0	291916	1
263	0	5433475	1
470	0	4056093	1
1292	0	4209010	1
1242	0	679463	1
977	0	4223410	1
977	0	6807192	1
838	0	8658833	1
1085	0	7098447	1
826	0	2086393	1
525	0	1608925	1
607	0	8161123	1
1694	0	4752331	1
178	0	2100683	1
645	0	5549570	1
190	0	5753217	1
1316	0	2095602	1
1620	0	7918987	1
1075	0	1260156	1
1665	0	5847809	1
277	0	8110727	1
1787	0	8139856	1
357	0	8470383	1
357	0	4407204	1
1478	0	2532476	1
1478	0	5130105	1
823	0	753905	1
1175	0	353663	1
448	0	2832402	1
1208	0	4971455	1
924	0	337285	1
1024	0	5123627	1
574	0	7382962	1
1464	0	1612279	1
1736	0	5875221	1
1217	0	8119770	1
1710	0	1485489	1
737	0	264631	1
1432	0	3880096	1
749	0	1910237	1
1270	0	7038895	1
871	0	7337549	1
871	0	6370719	1
1715	0	5639269	1
837	0	416197	1
721	0	7373447	1
1763	0	2963200	1
1502	0	1082366	1
1632	0	172811	1
1236	0	2619334	1
1236	0	1018848	1
1561	0	5928207	1
526	0	8608492	1
1008	0	7341487	1
1008	0	2624268	1
1008	0	5981979	1
1008	0	5181438	1
1008	0	7166283	1
233	0	418531	1
483	0	1598973	1
1390	0	95791	1
1588	0	5987884	1
416	0	3150969	1
1301	0	5274339	1
1497	0	6058045	1
521	0	7842980	1
953	0	7650125	1
1308	0	2752890	1
1115	0	4203977	1
269	0	5954471	1
1093	0	5846199	1
1028	0	6458236	1
1028	0	360640	1
1028	0	4672587	1
1028	0	5509387	1
71	0	2778885	1
71	0	5499328	1
1689	0	5011309	1
997	0	1033594	1
1749	0	4484920	1
1454	0	3991643	1
203	0	4671790	1
752	0	7073686	1
752	0	4159318	1
1403	0	8325674	1
877	0	8667650	1
553	0	1516891	1
921	0	1739796	1
532	0	187942	1
375	0	621020	1
1322	0	3881469	1
120	0	8793965	1
1642	0	6480648	1
309	0	2522675	1
50	0	3503818	1
1578	0	6056155	1
1441	0	109893	1
1424	0	8274014	1
1182	0	3953612	1
1222	0	8506494	1
221	0	1913847	1
1174	0	4232982	1
1757	0	4744646	1
1757	0	4349203	1
226	0	7484538	1
331	0	6887807	1
1631	0	5802402	1
952	0	4590200	1
776	0	1577730	1
1336	0	4182929	1
1758	0	4643402	1
306	0	8569391	1
665	0	8577393	1
576	0	4807680	1
634	0	2479067	1
1153	0	3256497	1
713	0	459134	1
713	0	3113908	1
1475	0	8104593	1
616	0	1734263	1
1245	0	7577941	1
1384	0	1339298	1
11	0	5881240	1
1691	0	4960469	1
1691	0	819840	1
699	0	3070463	1
827	0	3022799	1
26	0	7086507	1
672	0	7755912	1
1513	0	1571489	1
1358	0	8833110	1
288	0	4924444	1
675	0	6806805	1
701	0	4537027	1
1237	0	6494422	1
1142	0	6350929	1
369	0	832072	1
1318	0	7307997	1
800	0	1274902	1
250	0	2209190	1
198	0	5447394	1
1775	0	8222759	1
1351	0	1715058	1
1104	0	5237277	1
791	0	7349471	1
162	0	5024580	1
1359	0	6668735	1
283	0	660960	1
1303	0	6603369	1
637	0	1820025	1
79	0	3286378	1
1323	0	3732876	1
1583	0	7029475	1
795	0	1389771	1
824	0	5441382	1
725	0	3672069	1
1612	0	1074861	1
1058	0	8163524	1
150	0	2702532	1
114	0	383845	1
1264	0	7391404	1
410	0	8675470	1
1315	0	6681219	1
1494	0	4910997	1
302	0	52381	1
1727	0	8204091	1
842	0	4304842	1
1063	0	3792869	1
1063	0	30254	1
1796	0	1954295	1
252	0	7106097	1
99	0	5119661	1
1576	0	1768064	1
556	0	2522367	1
1133	0	3618280	1
387	0	4389495	1
387	0	2046777	1
387	0	5463520	1
1549	0	1222333	1
1746	0	1110950	1
230	0	807581	1
428	0	2066493	1
1439	0	6261189	1
500	0	4684716	1
628	0	7527625	1
628	0	8878123	1
628	0	7937024	1
628	0	1185176	1
628	0	3901583	1
1626	0	2929753	1
1626	0	3686958	1
1626	0	1681612	1
1626	0	5138509	1
1626	0	2435366	1
1054	0	3348240	1
1054	0	1150079	1
1054	0	3208360	1
1054	0	2855439	1
1080	0	6341132	1
1080	0	8384927	1
1080	0	8334045	1
468	0	6226408	1
1761	0	7766481	1
1761	0	7256698	1
341	0	7203493	1
186	0	5757719	1
480	0	1982124	1
644	0	6894875	1
1425	0	6219205	1
1382	0	4709485	1
1382	0	2892298	1
1118	0	2132040	1
1786	0	1277250	1
1786	0	4908342	1
1786	0	7292981	1
1786	0	4011941	1
860	0	3061176	1
1521	0	1803311	1
1050	0	2617487	1
551	0	3990837	1
551	0	2163732	1
551	0	7270905	1
551	0	6388931	1
635	0	2492811	1
1795	0	5348927	1
1312	0	91236	1
883	0	484513	1
159	0	6276893	1
278	0	2928197	1
1137	0	5597289	1
1137	0	8841988	1
836	0	7647711	1
1719	0	7519232	1
1306	0	4606617	1
502	0	982288	1
1310	0	8205954	1
1455	0	8124459	1
102	0	5093525	1
137	0	6661584	1
137	0	261639	1
137	0	137406	1
137	0	1003050	1
141	0	5184761	1
618	0	8872172	1
1065	0	1078945	1
1065	0	5314109	1
1065	0	5031037	1
1065	0	8636320	1
1640	0	3681148	1
1640	0	5404917	1
332	0	2826179	1
332	0	5464539	1
332	0	2424162	1
332	0	3586560	1
332	0	658991	1
1568	0	659157	1
1568	0	7528375	1
1568	0	2150442	1
1568	0	5774089	1
1491	0	2406235	1
343	0	4506952	1
343	0	2369460	1
343	0	5669417	1
343	0	7432024	1
343	0	8917978	1
1744	0	946967	1
1744	0	5879974	1
1744	0	5672977	1
1744	0	4300766	1
774	0	3066533	1
1593	0	1429159	1
236	0	5241558	1
1261	0	8526094	1
1492	0	5362228	1
1433	0	2750625	1
1047	0	6782906	1
1159	0	7678881	1
479	0	5594628	1
222	0	901672	1
1685	0	4532000	1
254	0	8778289	1
481	0	3453590	1
1652	0	1902035	1
83	0	4243455	1
1569	0	587115	1
1114	0	8286104	1
421	0	5793295	1
1675	0	6325276	1
1121	0	1901945	1
732	0	8025877	1
1690	0	7906433	1
984	0	7317529	1
1696	0	2720832	1
1282	0	4963967	1
1090	0	1701237	1
1090	0	3577764	1
317	0	3630441	1
94	0	8006730	1
1009	0	3185565	1
1041	0	6229478	1
589	0	6144538	1
1697	0	1247498	1
934	0	8471019	1
944	0	6944324	1
944	0	786947	1
175	0	938568	1
379	0	4681870	1
1113	0	5742550	1
688	0	1233924	1
856	0	1834942	1
940	0	8825038	1
990	0	3179149	1
990	0	4928034	1
1202	0	6675578	1
418	0	3932615	1
680	0	7600161	1
655	0	8215636	1
373	0	5489896	1
718	0	7431759	1
195	0	3396904	1
1530	0	8325921	1
139	0	6460414	1
1542	0	7532356	1
621	0	932039	1
621	0	3109741	1
546	0	7304275	1
1087	0	5927328	1
86	0	4494155	1
685	0	820909	1
1677	0	7797602	1
1677	0	6009356	1
872	0	5879431	1
460	0	1902072	1
1720	0	1903604	1
511	0	6367981	1
652	0	446983	1
1473	0	7438824	1
1473	0	1040868	1
1473	0	5903932	1
1473	0	43983	1
1473	0	2793032	1
1012	0	259128	1
310	0	8531681	1
1609	0	359050	1
1609	0	5377346	1
1077	0	1461083	1
1413	0	8875673	1
34	0	1850109	1
801	0	6605417	1
1733	0	6596226	1
1770	0	6083708	1
1770	0	3572178	1
1770	0	5279703	1
1770	0	2418264	1
682	0	812018	1
682	0	5547808	1
682	0	361731	1
1414	0	5277436	1
1414	0	4808633	1
1414	0	3303378	1
632	0	3048981	1
632	0	8334745	1
1740	0	4304248	1
1019	0	444495	1
1291	0	6895255	1
1079	0	1789910	1
547	0	3479539	1
1006	0	8054650	1
311	0	3426533	1
444	0	1166065	1
700	0	5215120	1
630	0	4399199	1
1155	0	3455611	1
1730	0	6520602	1
380	0	2742448	1
220	0	3451319	1
220	0	6139489	1
695	0	4370591	1
597	0	6539119	1
687	0	5441219	1
687	0	4733738	1
1218	0	5634211	1
125	0	8131434	1
1096	0	7058857	1
1276	0	2309033	1
1276	0	7531644	1
603	0	8277231	1
482	0	8508776	1
623	0	5009238	1
1570	0	1649133	1
679	0	5646011	1
134	0	3180828	1
381	0	99314	1
265	0	2336740	1
265	0	179233	1
651	0	7040039	1
651	0	4560302	1
1173	0	1429896	1
1173	0	2226625	1
1173	0	6170630	1
1173	0	3594581	1
1177	0	382780	1
1177	0	7411447	1
1177	0	7245444	1
1177	0	8145140	1
1038	0	5292590	1
735	0	6762858	1
44	0	8501285	1
1617	0	5895678	1
951	0	3810802	1
84	0	8702270	1
710	0	2780485	1
1201	0	1787157	1
1688	0	4877523	1
598	0	8799752	1
1563	0	5999221	1
1563	0	8034688	1
1563	0	610738	1
1563	0	5325305	1
1806	0	3907717	1
1807	0	3337381	1
1808	0	4402867	1
1809	0	779390	1
1810	0	777623	1
1811	0	5821084	1
1537	0	8824686	1
1537	0	2890127	1
1537	0	7624449	1
1537	0	5334776	1
1537	0	4427114	1
1440	0	5355844	1
1456	0	5903667	1
536	0	8354632	1
1764	0	8627103	1
1319	0	1782810	1
763	0	3011276	1
1032	0	6886510	1
1448	0	5158842	1
471	0	6365731	1
1020	0	4915215	1
1650	0	5124985	1
472	0	6937785	1
472	0	277083	1
266	0	1538799	1
762	0	7946155	1
1461	0	881147	1
1461	0	1669514	1
1526	0	5817907	1
339	0	7323149	1
61	0	8616811	1
1156	0	2135534	1
1395	0	5201936	1
1395	0	7785350	1
1472	0	4022100	1
1560	0	731298	1
1582	0	683312	1
447	0	4797328	1
447	0	7113069	1
1738	0	4219584	1
396	0	6836335	1
1376	0	2966603	1
1664	0	4775230	1
1477	0	2040739	1
1072	0	1320481	1
247	0	8410965	1
1154	0	6061410	1
32	0	16955	1
35	0	1820182	1
864	0	2141557	1
730	0	7653792	1
720	0	2208872	1
720	0	8729578	1
1778	0	5961387	1
1654	0	2862544	1
1654	0	7380672	1
1654	0	3908030	1
1654	0	6723197	1
1654	0	7847185	1
668	0	1045100	1
629	0	8536552	1
629	0	4475047	1
629	0	6302265	1
881	0	2926775	1
881	0	5306941	1
881	0	1600589	1
881	0	2232848	1
908	0	2146408	1
1772	0	4608656	1
1772	0	752965	1
1431	0	2001089	1
1503	0	3023948	1
1170	0	2103176	1
1606	0	8854691	1
1100	0	718487	1
903	0	8232608	1
821	0	8208692	1
48	0	1749315	1
1252	0	3510012	1
1252	0	5666401	1
1252	0	6357546	1
1644	0	2356730	1
1644	0	7824385	1
1644	0	4557200	1
1644	0	1417486	1
1567	0	7408117	1
717	0	5158191	1
656	0	1179497	1
53	0	8693271	1
1418	0	8843169	1
1418	0	3084870	1
932	0	2977184	1
374	0	3413833	1
1722	0	2205687	1
1722	0	5736662	1
1722	0	2418844	1
1722	0	2704079	1
430	0	3321013	1
430	0	8309336	1
595	0	2078342	1
595	0	7178175	1
595	0	2697639	1
1348	0	8315259	1
1348	0	1900362	1
1348	0	4979471	1
1348	0	1874918	1
276	0	61630	1
124	0	6718906	1
124	0	270355	1
63	0	2597095	1
1552	0	3873929	1
814	0	3502776	1
814	0	2918099	1
814	0	8269374	1
814	0	2783449	1
959	0	4875444	1
202	0	7111659	1
1205	0	7254672	1
1205	0	624064	1
1205	0	7499322	1
1205	0	1778401	1
995	0	2028046	1
1663	0	6738818	1
625	0	3979139	1
1224	0	4616544	1
673	0	769229	1
138	0	8818307	1
1614	0	3678516	1
1614	0	8923928	1
927	0	2087891	1
927	0	4599944	1
927	0	2974833	1
927	0	5882664	1
145	0	182467	1
145	0	5603800	1
145	0	8526448	1
145	0	5114340	1
145	0	6314469	1
1161	0	1376949	1
853	0	8309103	1
853	0	3032276	1
1533	0	3723210	1
1370	0	4873712	1
1370	0	5834382	1
1370	0	7485673	1
1370	0	6761224	1
1370	0	8784322	1
1391	0	6641189	1
1647	0	8066400	1
1647	0	1895188	1
956	0	3085805	1
956	0	2893976	1
956	0	7708280	1
956	0	6207395	1
1574	0	6127626	1
1195	0	8743576	1
851	0	3163597	1
1367	0	7236354	1
1367	0	1150083	1
419	0	8187705	1
1510	0	3525638	1
1510	0	1826359	1
1510	0	6575244	1
1510	0	4149454	1
1780	0	147279	1
1780	0	6756500	1
1780	0	4206581	1
1780	0	894055	1
1713	0	197050	1
1713	0	6972159	1
722	0	1675385	1
1747	0	4086658	1
429	0	233570	1
1684	0	7426930	1
1684	0	18854	1
1368	0	8671030	1
1183	0	6365030	1
1751	0	2767221	1
1751	0	1650065	1
1135	0	8069601	1
1003	0	1853213	1
1003	0	6690364	1
1453	0	8806146	1
1466	0	7934680	1
1466	0	6645285	1
1466	0	7841419	1
1466	0	626662	1
1637	0	1350899	1
1402	0	5350409	1
229	0	138106	1
1001	0	77060	1
1001	0	448095	1
1001	0	4263591	1
1001	0	5703398	1
1001	0	2062796	1
663	0	8496383	1
926	0	8158536	1
1304	0	5452148	1
1304	0	2036549	1
1066	0	1679250	1
41	0	926519	1
761	0	8269072	1
761	0	2281178	1
1460	0	7052826	1
1486	0	990294	1
1122	0	927280	1
1482	0	6189287	1
1482	0	5345513	1
1482	0	2496868	1
1482	0	1596589	1
941	0	1151645	1
558	0	5940187	1
1741	0	7035666	1
1219	0	6774115	1
542	0	2838081	1
808	0	1220909	1
969	0	224840	1
129	0	4626834	1
1435	0	4036939	1
316	0	6360244	1
667	0	6177611	1
868	0	1073708	1
464	0	6793667	1
641	0	3088462	1
1098	0	7486473	1
1723	0	8716286	1
1005	0	7315506	1
1015	0	5124038	1
1416	0	4623309	1
998	0	7447862	1
1762	0	4798119	1
1622	0	806623	1
1033	0	2729417	1
1645	0	2102218	1
706	0	6361192	1
931	0	2618579	1
816	0	543197	1
439	0	5587304	1
724	0	4107161	1
829	0	5762309	1
437	0	2840052	1
690	0	7908897	1
19	0	5779928	1
815	0	8571624	1
164	0	4655673	1
1766	0	7242426	1
1737	0	5937525	1
1544	0	1306897	1
29	0	6449476	1
913	0	6807688	1
1354	0	1333216	1
1354	0	1431050	1
712	0	8433866	1
867	0	2396974	1
895	0	1644977	1
707	0	5213841	1
1078	0	7327393	1
409	0	2426643	1
886	0	3663658	1
1791	0	2529516	1
393	0	4287160	1
393	0	677826	1
393	0	8146664	1
295	0	1772213	1
945	0	5255551	1
1668	0	4401875	1
1457	0	4594373	1
1042	0	3278451	1
1180	0	4655873	1
1767	0	1625588	1
1068	0	7393391	1
59	0	8046815	1
59	0	864811	1
293	0	4020613	1
1732	0	8433527	1
1061	0	6110145	1
65	0	1547416	1
1108	0	5528306	1
1145	0	5836874	1
805	0	2953262	1
594	0	6312776	1
811	0	1454430	1
1638	0	6780406	1
552	0	882721	1
870	0	4904614	1
1238	0	6440415	1
1401	0	3194984	1
976	0	6388800	1
709	0	3198857	1
112	0	388814	1
223	0	1086329	1
351	0	6233342	1
1400	0	1930154	1
777	0	7490512	1
31	0	8829205	1
577	0	5605932	1
1165	0	5053479	1
17	0	8823702	1
1739	0	5075824	1
1034	0	6857203	1
530	0	7211827	1
433	0	5079520	1
799	0	7250421	1
1459	0	7774002	1
1071	0	4702550	1
400	0	3608973	1
1371	0	4504291	1
378	0	4810716	1
515	0	6214356	1
326	0	1754396	1
1043	0	1006182	1
1493	0	4399587	1
519	0	2220658	1
52	0	1411406	1
101	0	8169691	1
33	0	6887120	1
608	0	3372764	1
819	0	4381464	1
507	0	4835169	1
507	0	475728	1
517	0	414174	1
205	0	5350667	1
1450	0	3921196	1
615	0	5088159	1
327	0	3838900	1
1074	0	1502360	1
1716	0	5731966	1
1716	0	8905266	1
974	0	5436062	1
1361	0	2249024	1
1361	0	2356517	1
1630	0	408395	1
1630	0	1310403	1
1630	0	2359587	1
1630	0	2009671	1
440	0	3374710	1
1669	0	7493582	1
1669	0	5447243	1
1669	0	6932085	1
1669	0	8698408	1
1669	0	1659034	1
1240	0	4495131	1
1240	0	6203322	1
1240	0	6633937	1
1240	0	5073247	1
1240	0	677930	1
1240	0	6770426	1
1140	0	8152398	1
88	0	8802694	1
705	0	5897240	1
705	0	1436973	1
1342	0	6531473	1
1387	0	6202903	1
1387	0	654579	1
424	0	3438750	1
1417	0	8831086	1
1417	0	3303749	1
1417	0	6619499	1
1417	0	8666433	1
1417	0	7269664	1
1417	0	6638043	1
106	0	6619428	1
106	0	8563394	1
1160	0	5363237	1
438	0	5964062	1
622	0	7066621	1
622	0	2615285	1
1127	0	4232095	1
531	0	3937930	1
531	0	4247557	1
89	0	41690	1
89	0	8248993	1
465	0	3818835	1
1396	0	7259721	1
1232	0	5132382	1
857	0	4221802	1
213	0	7788332	1
1646	0	2134639	1
1662	0	2529410	1
620	0	3041496	1
171	0	8497176	1
294	0	3295115	1
1300	0	1498291	1
1293	0	8592340	1
1297	0	7928728	1
1562	0	3092819	1
520	0	3531983	1
520	0	4203228	1
567	0	6308802	1
1618	0	6820464	1
1653	0	6942733	1
527	0	7860424	1
474	0	621182	1
313	0	8703865	1
313	0	2938862	1
1553	0	4106276	1
1627	0	2410750	1
557	0	4159293	1
646	0	5470837	1
636	0	4640289	1
371	0	5560686	1
452	0	8287772	1
425	0	2651993	1
158	0	7139897	1
66	0	7908687	1
1488	0	6764644	1
275	0	3005092	1
1364	0	2362597	1
843	0	4596734	1
463	0	226303	1
887	0	5084769	1
458	0	4329655	1
1679	0	1370531	1
935	0	1865568	1
206	0	8317566	1
1059	0	7964908	1
64	0	1623553	1
1467	0	7482063	1
297	0	6567926	1
1600	0	8343819	1
1332	0	4366141	1
1132	0	4280153	1
1186	0	4209233	1
512	0	1090456	1
1536	0	8890268	1
1171	0	6446731	1
216	0	6018704	1
1682	0	5746148	1
365	0	8768068	1
1081	0	5860901	1
1081	0	5980126	1
1081	0	5439296	1
1095	0	2660350	1
1295	0	686424	1
949	0	107230	1
1412	0	4558790	1
403	0	7448569	1
1207	0	4862416	1
163	0	7182900	1
1109	0	2139277	1
689	0	1094142	1
70	0	2237994	1
389	0	359922	1
1725	0	6100136	1
929	0	2554132	1
703	0	1928467	1
1123	0	105264	1
1123	0	4906399	1
105	0	4283201	1
443	0	7219652	1
107	0	4189752	1
1408	0	1107423	1
1000	0	1346777	1
586	0	1644327	1
90	0	4496382	1
1619	0	3625122	1
1619	0	4661440	1
794	0	2800056	1
643	0	8438730	1
880	0	5070917	1
1586	0	7011821	1
4	0	7775351	1
999	0	2975992	1
117	0	7557190	1
1239	0	2750848	1
58	0	5416053	1
1227	0	6870987	1
1608	0	684530	1
20	0	766953	1
1378	0	3714296	1
825	0	3639934	1
948	0	1007807	1
661	0	5772616	1
204	0	2388350	1
1397	0	6929799	1
1119	0	6011507	1
96	0	1666430	1
69	0	8123066	1
534	0	5167801	1
790	0	3668138	1
582	0	350221	1
1683	0	1855808	1
491	0	5953638	1
1213	0	1259134	1
1399	0	231641	1
1290	0	8662825	1
1176	0	7839784	1
116	0	5299355	1
1128	0	71955	1
602	0	5770284	1
1110	0	5706350	1
1193	0	3196223	1
778	0	2895908	1
147	0	997169	1
1442	0	3945949	1
989	0	2185720	1
330	0	1472174	1
1388	0	6630619	1
1667	0	5739826	1
884	0	5379979	1
1214	0	1304280	1
82	0	8043354	1
996	0	5864996	1
1060	0	4036279	1
1479	0	4625677	1
304	0	1748130	1
360	0	6151251	1
640	0	4651385	1
359	0	8393643	1
1566	0	7871644	1
240	0	5591536	1
21	0	6102828	1
987	0	3006620	1
1260	0	8472651	1
1143	0	3794469	1
702	0	2727498	1
642	0	4805435	1
957	0	2230747	1
93	0	5449676	1
599	0	900538	1
358	0	5312851	1
368	0	3254190	1
406	0	59469	1
907	0	6046887	1
907	0	2198085	1
1701	0	3010696	1
1197	0	2092541	1
809	0	2435863	1
1760	0	258608	1
1531	0	4270312	1
858	0	6837551	1
850	0	4192200	1
1745	0	7923373	1
832	0	5571613	1
45	0	1823468	1
1209	0	6161125	1
1275	0	6431186	1
1643	0	992756	1
156	0	58665	1
1501	0	4840560	1
1052	0	8499281	1
1386	0	7852578	1
797	0	8158879	1
1326	0	4434607	1
1111	0	8412800	1
1565	0	8383631	1
743	0	5020114	1
981	0	6886281	1
529	0	6731036	1
1259	0	2057639	1
2	0	6573904	1
473	0	7905718	1
55	0	3222451	1
75	0	1738380	1
834	0	5477360	1
231	0	7035539	1
231	0	7497361	1
1605	0	6233780	1
847	0	6563479	1
740	0	6425700	1
740	0	5116519	1
441	0	3301544	1
235	0	4754510	1
427	0	604482	1
459	0	4480321	1
1774	0	5787322	1
697	0	8345171	1
697	0	6829356	1
286	0	7326398	1
1346	0	3103029	1
490	0	8431812	1
22	0	8337706	1
1603	0	4658722	1
1623	0	798194	1
1216	0	4860658	1
56	0	6735	1
1629	0	577239	1
954	0	8726792	1
501	0	780736	1
1048	0	5093737	1
1317	0	7615657	1
367	0	2715736	1
1693	0	606514	1
85	0	1862989	1
746	0	2856757	1
1661	0	6259276	1
1428	0	1968183	1
1428	0	6490388	1
407	0	3845459	1
1327	0	7039875	1
1781	0	7727879	1
1708	0	4193924	1
1547	0	6090443	1
1377	0	2664143	1
866	0	4262414	1
866	0	2617300	1
1046	0	8049539	1
1046	0	4742034	1
1046	0	4529623	1
1046	0	2723563	1
1541	0	388945	1
631	0	6990738	1
423	0	1416127	1
966	0	3067643	1
1285	0	7559723	1
155	0	6309202	1
873	0	6683101	1
769	0	975624	1
384	0	7579964	1
1516	0	8396980	1
662	0	7640103	1
489	0	4824874	1
1671	0	956603	1
347	0	1878335	1
347	0	6650504	1
784	0	1038198	1
784	0	8488100	1
355	0	5988715	1
355	0	4180041	1
972	0	421997	1
1200	0	7131994	1
571	0	8162293	1
312	0	778572	1
312	0	4742707	1
24	0	7112260	1
24	0	310727	1
1709	0	4540923	1
910	0	1981334	1
1551	0	2533853	1
664	0	7591659	1
711	0	1532715	1
711	0	6700987	1
1203	0	4746260	1
241	0	2901401	1
1191	0	2998667	1
1191	0	1746529	1
1191	0	5667890	1
1437	0	3429530	1
261	0	3376684	1
1724	0	3803544	1
395	0	1981898	1
218	0	4286369	1
1777	0	835211	1
1777	0	2870965	1
568	0	1258458	1
398	0	4698626	1
1089	0	6047677	1
1181	0	8564448	1
1181	0	1262015	1
72	0	802260	1
755	0	2700761	1
820	0	5153236	1
1728	0	7347068	1
802	0	3857631	1
802	0	2826795	1
249	0	8588698	1
581	0	2590815	1
581	0	4681403	1
224	0	4039812	1
914	0	367002	1
1263	0	6455461	1
1082	0	1379167	1
457	0	6010220	1
1340	0	8547971	1
1340	0	1301701	1
435	0	5445876	1
49	0	525501	1
648	0	1961741	1
648	0	5478622	1
648	0	3941631	1
648	0	8175360	1
1055	0	1644587	1
1404	0	414508	1
1404	0	6261502	1
1404	0	6224325	1
788	0	6039978	1
788	0	1582904	1
861	0	7943827	1
1625	0	7352540	1
497	0	6295907	1
183	0	1751745	1
245	0	8455668	1
13	0	4664269	1
862	0	7656310	1
1335	0	5811375	1
1335	0	3258640	1
1190	0	2389114	1
122	0	2017095	1
1788	0	5863511	1
865	0	3219688	1
1099	0	8335358	1
1483	0	6760243	1
14	0	4648154	1
505	0	2290435	1
110	0	4485019	1
110	0	8057033	1
110	0	1482762	1
144	0	6977642	1
1188	0	7087135	1
1532	0	380846	1
1281	0	5033143	1
1215	0	3511152	1
694	0	2622385	1
933	0	8053950	1
422	0	2143066	1
961	0	5251162	1
961	0	1479649	1
1812	0	7171548	1
973	0	6225008	1
973	0	1121650	1
973	0	2324340	1
973	0	315905	1
1813	0	8790733	1
1814	0	2638358	1
1815	0	982051	1
1250	0	7083271	1
874	0	7980004	1
402	0	8130928	1
1324	0	5280057	1
1784	0	4795710	1
462	0	6833601	1
36	0	7615774	1
787	0	8659125	1
485	0	4464583	1
715	0	3606491	1
715	0	5701228	1
181	0	7335037	1
1452	0	4214639	1
200	0	2089138	1
200	0	7724823	1
68	0	3781784	1
1010	0	5827160	1
1556	0	8710514	1
617	0	6615009	1
617	0	3085133	1
1734	0	7513806	1
130	0	321608	1
587	0	4436701	1
287	0	3184628	1
287	0	3372964	1
287	0	7386862	1
1792	0	6129895	1
1792	0	6918780	1
1792	0	5440493	1
466	0	5200064	1
1816	0	4496817	1
1655	0	1590763	1
1655	0	4203057	1
1655	0	5827422	1
1655	0	964770	1
1817	0	8680057	1
1818	0	1736794	1
1819	0	6494264	1
1820	0	6599705	1
1821	0	6676538	1
161	0	2367454	1
259	0	6580657	1
1410	0	7956671	1
1410	0	5106906	1
1410	0	8831080	1
1410	0	6204476	1
1822	0	2317690	1
1823	0	4664803	1
1824	0	6712926	1
73	0	2043264	1
1141	0	478889	1
1706	0	989268	1
215	0	8119748	1
782	0	3264876	1
238	0	5767724	1
1076	0	4462583	1
1076	0	3773633	1
1076	0	4094127	1
1076	0	3902955	1
1076	0	3888128	1
322	0	1013268	1
739	0	6475052	1
739	0	1599680	1
1345	0	3906034	1
1345	0	3087166	1
1345	0	4889270	1
1345	0	4272358	1
892	0	7868411	1
413	0	8225553	1
1179	0	5480710	1
321	0	3244211	1
1548	0	4900588	1
1284	0	4046916	1
1284	0	2499688	1
1284	0	2173539	1
1284	0	6903773	1
1790	0	2973648	1
1484	0	5880684	1
516	0	8404696	1
1670	0	505577	1
813	0	2677491	1
383	0	4608393	1
626	0	8856159	1
1338	0	1905313	1
738	0	5642518	1
677	0	1431497	1
781	0	2279963	1
349	0	6012069	1
1429	0	3881099	1
157	0	5881094	1
1302	0	5012569	1
773	0	8194396	1
303	0	3111860	1
698	0	8356059	1
698	0	1070017	1
698	0	7909992	1
698	0	7846960	1
698	0	6998975	1
47	0	325974	1
1596	0	3872989	1
1596	0	1381060	1
1596	0	8360905	1
1596	0	681285	1
338	0	6676700	1
338	0	7952718	1
54	0	5555027	1
54	0	8687614	1
958	0	5543666	1
1350	0	6644609	1
1172	0	2963917	1
1172	0	7311044	1
15	0	8874134	1
27	0	8458668	1
789	0	5653095	1
1489	0	1855191	1
889	0	6518835	1
1678	0	772816	1
670	0	8829306	1
1634	0	395706	1
1037	0	72932	1
1016	0	6935667	1
1016	0	4441975	1
1504	0	3008411	1
1504	0	4312061	1
1504	0	5217285	1
1373	0	991785	1
1373	0	5849097	1
1373	0	5320561	1
1373	0	4631489	1
1636	0	3821933	1
1271	0	1368325	1
696	0	7849056	1
280	0	2637484	1
344	0	2803256	1
1025	0	4031069	1
170	0	8895065	1
170	0	6722209	1
593	0	1824631	1
1049	0	3682106	1
982	0	4320611	1
1178	0	8480788	1
758	0	6307633	1
1021	0	8429759	1
955	0	2299584	1
397	0	7612803	1
397	0	5109386	1
1598	0	2211391	1
545	0	4096433	1
1026	0	2185363	1
991	0	6312241	1
1750	0	6179068	1
1146	0	8628063	1
1139	0	2158975	1
783	0	3791634	1
434	0	7306469	1
253	0	3878630	1
741	0	424329	1
1595	0	2846682	1
830	0	1477111	1
169	0	27063	1
804	0	1919209	1
1268	0	5467603	1
726	0	3281224	1
1481	0	6453028	1
1112	0	4573691	1
1462	0	505739	1
579	0	3490959	1
1045	0	6646712	1
408	0	2929285	1
1499	0	8463627	1
1782	0	1341373	1
1013	0	3314246	1
1013	0	8216473	1
10	0	1388482	1
1779	0	7190120	1
394	0	182768	1
1168	0	1995799	1
1343	0	5073554	1
1343	0	2944264	1
136	0	2928005	1
1480	0	2256785	1
1703	0	804531	1
405	0	4056959	1
1704	0	6715796	1
733	0	6048656	1
1246	0	8630228	1
146	0	1075935	1
658	0	2827963	1
658	0	7687202	1
658	0	3818662	1
967	0	1932507	1
1044	0	36438	1
1044	0	1529296	1
674	0	3022371	1
1249	0	1227288	1
1419	0	7147387	1
854	0	3886732	1
1635	0	7796610	1
1379	0	3497707	1
298	0	8051365	1
298	0	4727841	1
298	0	5873556	1
298	0	4168355	1
258	0	3679735	1
845	0	3405870	1
580	0	1745836	1
244	0	2963542	1
97	0	7819826	1
461	0	5269219	1
449	0	3844259	1
627	0	7866376	1
1225	0	3802027	1
1375	0	7709330	1
947	0	1749124	1
588	0	4477707	1
376	0	2819069	1
612	0	341220	1
1311	0	7959416	1
1210	0	7074138	1
583	0	183078	1
1511	0	6188640	1
115	0	7582085	1
1611	0	5120858	1
1394	0	326128	1
1339	0	3854372	1
1339	0	6211986	1
1339	0	7244866	1
1615	0	5296156	1
172	0	3827547	1
1485	0	6067554	1
1755	0	4433187	1
1628	0	7393811	1
1509	0	8905	1
1512	0	8090585	1
1347	0	1055461	1
1187	0	4093935	1
962	0	2386510	1
1443	0	3249012	1
445	0	7937098	1
1769	0	628027	1
596	0	3868160	1
273	0	6300691	1
708	0	6035701	1
354	0	1289867	1
1505	0	5632902	1
1591	0	5187777	1
780	0	2080960	1
798	0	5577315	1
849	0	7971772	1
1558	0	6278054	1
133	0	4409966	1
42	0	5291642	1
42	0	6801862	1
1107	0	7298261	1
1101	0	4531100	1
12	0	1527759	1
1092	0	1935458	1
506	0	1900801	1
1721	0	2492942	1
1286	0	28660	1
148	0	3711395	1
1313	0	5595314	1
767	0	6126817	1
937	0	7405285	1
1718	0	5309963	1
232	0	4745987	1
25	0	5120849	1
1776	0	579634	1
1573	0	4027600	1
1573	0	8580392	1
1573	0	5941406	1
920	0	6588585	1
920	0	4121792	1
920	0	7181093	1
920	0	6888908	1
1280	0	4098103	1
1280	0	2235643	1
1280	0	302218	1
1529	0	535347	1
1529	0	322356	1
1529	0	443110	1
1587	0	586454	1
1624	0	8283338	1
1476	0	4851335	1
301	0	5826983	1
109	0	920770	1
975	0	3726340	1
