1627	what is a flow conditioner
520	What Causes Gaps in Teeth
73	what measurement does each square along the horizontal axis on ekg paper represent
52	what does the name laurie mean
1481	what's a sparky
1544	cam newton height
1439	lima bean calories
25	where is seabrook island sc
992	home depot how long kitchen remodel take
244	when was goblin tyler the creator released
1032	was elton john married to a woman
1106	how many proteins and carbs should i have in a day?
604	are  there mountains in guatemala
864	what are comorbidities
1156	what actors were mad about you tv series
86	samsung s6 - how to get apps from other screens to home screen
1727	java is is necessary that each try block must be followed by a catch block
768	who wrote faith hill like we never loved at all
1694	how much water top load washer uses
816	calories in tin turkey mince
746	what is tasty baking co's ein
634	is it a good idea to take a speech class online
1081	what is acne the drink
720	what are dangerous level for diabetics
71	hypothesis and theory definition
1459	what does purulent and yellow sputum indicates
731	why do people want to visit kenya
363	dune meaning
1080	list of narcotics medications
1784	what is tzumi
206	what is a personal literacy sp
1292	how much money is shawn hannity worth
1318	average salary for an administrative assistant
1175	how tall is the shortest strongman competitor
1517	how do biochemical sedimentary rocks form
1209	what is mandatory military service
11	is limestone natural
35	what are carob pods
128	common side effects of irinotecan
717	what are the adaptations of a honey guide
1738	what amino acids are rich with collagen
1047	names of african food dishes
1528	how many calories is a baked skinless chicken breast?
365	can kids swim at oakmarr
1723	what county is fayetteville tn
205	what does yolk consist of egg contain
1612	is tyramine found in sardines
1777	what is the main focal point of the sistine chapel
662	what is the definition of gruesome
481	nescafe calories
1770	stress effects on the body
42	where is gold beach oregon
90	what is annular rash meaning
134	types of flooring for garages
1351	is salmon a complete protein
34	standalone meaning in english
1021	what video player do i need to watch videos on
1098	calories in mini milky way
954	what is seattle's timezone
394	when did chardavoyne leave france
987	can whiplash cause pinched nerve
1691	is limited partnership agreement required delaware
344	what type of cancers can affect the nose
1025	what type of mixture is bronze
767	where is ord airport?
1596	what skills should i have on my resume
208	how many albertson's stores
1402	what causes the croup in children
1219	what county is 78613 in
445	where does the word lucky originate from
199	how is the weather in san diego?
1346	what is raffaello network
1403	infanticide definition
826	how much student loan
255	what is denomination
923	definition of dermis
818	who were the main participants in the cold war
1740	symptoms of arthritis
1704	when did world war ii end?
952	is federal workers comp taxable
1453	what causes strep throat and gingival abscess
1619	what is antique barley twist table
870	what does discrete mean in math
1267	foods that are good for liver
813	what platform does amazon.com run on
1082	what is the name of the hpv shot
1325	define clean
877	injury lawyers in montgomery al
1095	what is actually castrate
1571	annual cost to raise a child
1734	what kind of plane is a crj 900
1014	foods that have anti-inflammatory properties
1108	can a person walk while in a coma
761	calories in a slice of bread
1731	how many teaspoons in a yeast packet
641	what county is erwin, nc in?
484	dollar car rental customer service number
1653	can h4 study
302	japanese sweet potato
152	why is a fat pad biopsy procedure needed
270	most common causes of neonatal stridor
215	what milligram are my adipex
1214	what is floor fha loan amount
116	what is double eagle coin
669	how long do medicines stay in your system
598	use diffusion to tell what happens when you drop a sugar cube into water
842	jerica name meaning
1248	how many grams of protein do i need per day
552	what does colorin colorado mean
1315	isis meaning of name terrorist
696	what type is the pokemon magcargo
64	what is a prostate rub
235	what is pravastatin
890	definition of  listening
311	synonyms of beauty
328	define metabolic acidosis
317	philosophical argument definition
1083	what is trophic level mean
1708	what is the average pay for United Health maintenance
549	annual salary of college lacrosse coaches
1059	can i send money by post
1667	what is first or third person
1534	which body system are adenoids located
471	was michael flynn cleared
628	list of foods that fights depression
411	who ran with john mccain
1167	do violent video games cause violence essay
514	what is the percentage rate on a va mortgage loan
1360	how much is  a teacher paid yearly
1669	what flowering plants to grow in summer
161	what liquids are permitted in a carry on
727	which is the only gland that is both an endocrine gland and an exocrine gland
1235	cost to move a house to a new location
290	what does magma's viscosity depend on?
400	what does renowned mean?
196	how long does female masturbation take
1778	what are dene first nations
1475	is it safe to eat worms
385	how long can a hdmi cable be before signal loss
381	types of joints for structures
957	can you actually 'lose' your virginity
1128	what is down streaming
1548	what part of the atom is involved in chemical reactions?
28	hip pain symptoms and causes
1672	how can cancer spread from one part of the body to another
828	aluminum can bales
499	what is isagenix products
1276	tongue mass causes
112	what does floating stools mean
1636	what to put in dishwasher when you have hard water
1447	definition of infarction
1736	how to bake breaded cod fish?
854	when is the best time to sign up for social security?
1764	want is tom cruise doing now
1312	average temperature highes in croatia in may
1146	what was the tariff of 1832
1262	how cold is liquid nitrogen?
384	what is the daily amount of sugar you should get
379	population of gore nz
815	what county is st claire md
771	hoisington ks is in what county
306	is h pylori a good bacteria in the stomach
1048	what is soap saponification
921	intoxication definition law
1326	what is nerve mapping
1154	what are butterfly
1282	percentage of college educated whites voted for trump
1234	how long does it take to become an occupational therapist?
1027	how many calories do you burn by doing sit ups
660	price per aluminum can
517	what does writing algebraic expression mean
1613	danny's partner in blue bloods pilot
501	what is setting?
377	what year did john mccain run for president?
1218	best sunscreen for acne skin dermatologist recommended
162	is street art graffiti
280	what type of aphasia causes you to only utter two words
838	how much sleep should i get
1695	what is parallel processing and serial processing
1178	what university is in durham nc?
1288	does duramaxx for dogs help with vertabray pain
969	what county is bay minette, al in?
745	definition guys
705	what foods have the most vitamin a and vitamin b
513	why does everyone call charles chuck gossip girl
371	what is a good resting heart beat
136	when did one step closer by linkin park come out
197	formula for total variable cost
1187	where does ganges river begin
844	who started hud
1157	who was mussolini's mistress
1461	weather in china in april may
1564	alligator ms population
643	what is approximate cost for chimney sweep
1635	when is the buckeyes first football game
967	when does the mandate repeal take effect
561	federal poverty level meaning
1625	what is the pay rate for bank teller
955	what vitamins do cucumbers have
37	most secure router for home
1258	who were the cotton whigs
1197	what is kadimah programming
775	how long is viagra good for
530	what does oe tire mean
419	what causes a bad smell in a duet washer
677	what region is melbourne australia in
615	what does.suffix mean
1067	how long does a wax melt last
940	power washing definition
1628	where can you find peacock bass
1450	what does your cervix feel like when your pregnant
27	what temperature in a gas oven to cook breast of chicken
1745	what is layering in banking
756	how much a year can you deposit into your roth ira
23	according to the constitution can aliens vote
1527	hotels in florence italy
985	wazir definition
735	ucc definition of merchant
953	how to transfer photos from an old computer to a new one
742	do people wear stoles from another school at graduation
626	what programming languages did bill gates develop
1364	what is a mango tree
131	did the new deal solve the depression? why or why not?
1237	average salary for a supply chain manager
1323	is the first lady on vacation with trump
1577	which direction does dna polymerase transcribe
1533	what can cause swollen ankles on men
31	can an older person learn to play guitar
301	where is the volcano popocatepetl located in mexico
1363	how long it take for broken finger to heal
675	is msn premium subscription worth it
1139	what wheel sensors do
212	how long to develop regular menses after menarche
1648	are insulin and glucagon antagonistic hormones?
147	what is equilibrium, from an economic perspective?
1247	definition of zesting in cooking
1715	how to find calculated t value
261	what is the ingredients of gum
778	what is engineering technology
1455	monotheistic religion definition
1378	what is c.s.s hunley?
1624	where is the paper behind the bar
1350	ceo of micromax mobile company
502	minimum clear distance between rail stairs ibc
553	intensive agriculture definition
1411	gal gadot nationality
959	what are the step to help an unresponsive choking victim
1678	what tests will a cardiologist do
505	what is the temperature in fahrenheit in new orleans
1024	how the ratios are calculated?
625	what area code is 305
645	how often should i get mmr vaccine
1547	what is the barn owl
695	the meaning of the name porfiria
1763	how to get accredited for early childhood
39	how many carbs in a white russian
599	what is in seasoning salt
689	what is an angler
1026	what was the purpose of seneca falls convention
318	how long does fantasmic last
1299	are avocado roots invasive
1034	what does no-lapse mean
708	where is boston common located within massachusetts
33	what does the name mina mean?
291	antidepressants that can cause hyponatremia
297	what is a retroperitoneal abscess
666	how much does surgery cost for finger contusion
1483	what is the tallest roller coaster
457	cast of star wars hans solo
630	temperature: jasper canada
265	types of lawn grass in alabama
458	what is a nanodegree
1327	what is the ambassador for bright pink?
1222	is borax harmful?
685	seattle legal work hours residential construction
1035	define duplex house
1259	what is parallel thinking?
1256	does ankylosing spondylitis glands
1446	how long will flax seed oil last in fridge
891	do you know how old a dog have to be to be seniors
557	what is a french bed size
1200	what is the difference between prime rib and filet mignon
1408	what is an interactive science notebook
1069	herbs to reverse glaucoma
1052	what is military family action plan
1782	whats infinity means
46	haylage straw definition
1061	what does a distended stomach mean
1280	which cell is the blood stem cell
600	foods that contain triglyceride
1062	eu ambassador to australia
49	what is the noun cow
97	when was hydroelectricity invented
1329	what does the ph. of a solution indicate?
1609	sopranos cast members who have died
1322	is a garlic mustard monocot or dicot
858	what is latest amd processor
373	pseudo feminism definition
1391	what can i do with leftover baked potato
462	what is upper abdominal pain
351	what does good housekeeping seal mean
465	what headphones do airlines use
534	what is clutch slip
621	ribosomes have the same function in prokaryotes and eukaryotes
618	most commonly injured knee ligament
203	in which core leader competency do you determine
507	what does the the mimivirus infect
1174	is coconut oil a good moisturizer for skin
1020	was nashville cancelled
1125	what criterion is necessary to become an american citizen?
512	what is a stable coat
352	meaning of quinn
750	how long do garden snail eggs take to hatch
1183	what causes fine structure splitting
345	how much does a golf club cost
1287	what is a coccobacillus
1633	cost to replace floor joists
1487	age group for juvenile arthritis
581	what is the minimum fico score for a home loan
1304	what color does bromothymol blue turn in acidic conditions
1655	causes of light headed
41	what color is a firefly
96	what is citrobacter freundii
148	where is nantucket in the united states
448	how tall would the wall between mexico and the us be
1394	where are google voice settings?
129	what county is byrdstown tn
958	what standards to surveys have to comply with for aco's
487	who plays gale in the hunger games
973	causes of burning pain and tingling
1089	what is the meaning behind the norway flag design
1040	how far will a tsunami travel inland
981	what is oddish hidden ability
444	temperature of med well steak
786	how many minutes do i fry breaded tilapia
1382	maryland is what time zone
885	which omega regulates inflammation
1319	warranty definition in contracts
418	bacteria in eye symtpoms
1630	what flag has blue and yellow
1213	what is darf planet
617	what kind of paint is used to paint clothes
1203	what is the halfway point between albemarle nc & charlotte nc
44	un peu meaning
707	what did i have a dream speech start
1353	cost of building block wall
1171	what is a townland
56	what is salary to a manager in small jewellery shop
1054	list of monthly subscription boxes
477	which article of the u.s. constitution outline the judical branch
7	which symptom is commonly associated with sleep deprivation
531	can dogs take penicillin
1591	where is charles st boston
1115	how wide is king bed
271	who played the original abigail on days of our lives
847	what is polyurethane made from
1509	where did macy's start
221	is bradley a boy or girl name
1324	what is typically used for solution dyeing
1753	how far is richmond va airport to colonial heights va
158	can i deduct cobra health insurance premiums
201	diseases of wildlife
944	population of escambia and santa rosa counties
21	what is hydrostatics
1556	what kind of business is urgent care
730	what are cyst fill with
1780	what causes a sharp pain under the right ribs
1762	what county is leeton mo in
1211	how many season on mr robot?
538	why was the league of nations a failure
951	uneven chest color
773	what side effects are caused by copper brace
78	why you should you wash your face with cold water
229	what causes tire vibration
910	what is the disease related to concussions
1757	is consciousness same thing as physical behavior
216	what is a trading symbol
1109	what is an MRI
744	FTIR definition
200	what job can i get with a bachelor's degree
595	what are the name of nuts
323	who died from the andy griffith show
1626	list of foods to reduce inflammation
1451	definition pulmonary embolism
1616	how long to treat bacterial prostatitis
150	is x axis called abscissa
359	what is harold ford jr
948	what is chanca piedra extract
1150	definition of stifle
1380	little caesars deep dish pizza calories
900	difference between design and word mark
664	what is the function of dna polymerase quizlet
397	what was the cause of the dust bowl
1542	resources for health in the mexican culture
259	what lodge did actors stay in dirty dancing
1721	where is mosquitia, honduras
715	what is your routing and account number
609	words that mean stout
674	when is a hybrid car exempt from smog test
722	what causes broken capillaries on cheeks
118	foods rich in vitamin b12
194	define ffi
1728	what is the melatonin dose for kids
1168	when did hernan cortes travel
1221	does this computer support miracast
1049	what unit is used to measure electromotive force
1330	why is skin important in thermoregulation
1205	what are the types of propagation
107	what is an infraction?
1245	average retail price of pork
699	is loki good or bad
1056	who is ariel winters
1647	what can you do as a lcsw
1435	what county is chelsea, mi in
1492	name ginger meaning
752	in which states is alcohol sold in theaters
68	what kind doctor treat sciatic pain
1452	what jacket do you wear in summer motorcycle
286	what is quidditch?
1138	do rats dig holes in yard
1155	the average phone bill
1603	what is renters insurance
1743	age to work at menards
1682	what is a unifying receiver
521	how to store opened canned pineapple
1590	why are proteins important to humans
1371	what does sao2 indicate
429	what causes bullous pemphigoid
1148	what county is washington missouri
701	is nitrile and buna the same material
1698	gmail technical customer service number
120	is acceleration a vector?
430	what are the lyrics to hold back the day
687	thicken my soup
91	how do i screenshot of something
1018	who is saint augustine?
1652	normal cost of replacing auto washer pump
155	what is the crp test
253	what year did columbo start
1227	what is azithromycin
649	define thalweg
264	zyana name meaning
1558	where is durant ok
787	what is vds approval
1313	where is oak creek colorado
421	nurses salary in uk per month
1434	homemade jar pickles how long
442	how long does missed payments stay on credit?
115	when you have a stroke what happens to the body
1511	when will the solar eclipse be over chicago, il?
1392	how long does cabbage take to grow
231	what is php, bus
1397	what is chimurenga
1788	what is the sniffing position
801	starting salary for geriatricians
368	what is intuition
827	is malwarebytes safe
1201	us dot number in georgia
2	can you have a pet turtle in tennessee
846	cause of hip prosthesis failure
241	what is the hardest substance in the body?
853	what can cause sudden hives on forearms one side of face & neck
1521	meaning of Getting a decent salary
1246	when do water lilies bloom
673	what author has written the most books
15	what telephone area code is 305
1366	how many times you change a newborn's diaper
490	what is redundant
629	what are good food sources for thiamine
712	what decibel on a dishwasher indicates its noise level
1529	which are the similarities and differences of the cells of plants and the cells of animals?
574	average cost of parathyroidectomy in mi
990	prebiotic vs probiotic definition
633	definition of squiggles
464	what county is east brunswick nj in
1707	describe the structure of a dna molecule
1658	how much do g league players earn
433	what does paka mean in hawaiian
1177	biggest domes in the world
1594	difference between a trustee and a trustor
1028	hydrangea trees types
845	when was fifa founded
1680	how many medications does the average elderly person take
386	distance eureka to crescent city
1273	how many calories in half an avocado
1507	effects of yeast overgrowth
1540	who is the co-host on kelly live
915	what is the cpt code for endobronchial ultrasound guided?
779	how many people served by planned parenthood in iowa
254	nelson name meaning
1649	patriot power greens cost
1426	who wrote i can't make you love me
1415	cost of a kindle
1546	cost to install brick veneer on exterior
438	what happens if a blood loss is detected
1551	what is the electromagnet used for
909	how big is kennedy space
1561	average gamer age range
889	champva contact number for providers
1661	what is tax rate in garner, nc
22	what is regressive tax and example
1029	how many cubic feet is a normal refrigerator
1340	what is the name of the president in philippines
1717	who plays diane lewis in parks and rec
762	weather for fiji in july
82	what is floral scissors
50	is an iq of 147 good
965	shock state definition
934	population of cameron county pa
949	what is additive manufacturing
63	what are the pt exercises for?
537	difference between a foundation and a nonprofit
627	community support team definition nc
986	cost of a urine culture
1302	what season was collins key on agt
232	where is sam sweg?
1041	average yearly income for an ambulance driver
1388	what is fico debt manager
288	is misoprostol a prostaglandin
1389	who is the author the legend of hell house
920	which duggars are married
1581	who played will on will and grace
1670	what plants live in the desert region of california?
1013	whats the difference between a medical technologist and surgical technologist?
87	adoption agencies in nebraska
843	what is a mate
1342	what foods to eat for leg cramps
1393	how many calories protein
500	list of dogs that have hair
1454	average number of children of baby boomers
1668	what do flashing lights in the eye mean
1573	which lobe is responsible for vision, speech, motor control
106	what function do afferent and efferent nerves/neurons serve
1385	A version of a trait that requires a homozygous genotype for expression is called a
159	medical definition for rom
797	what is nadella?
341	lymphoma originates from lymph nodes, usually in the neck or abdomen
783	what works best for constipation?
1134	explain the intent of the hepburn act
1746	learn how to tie a square knot simple steps
396	what apps will play a dvd
276	what are the penalties for cashing out tsp
1114	number of glasses in a bottle of champagne
1559	who was the first person who made school
1463	which chamber of the heart directs blood to the lungs?
608	what does the name rooney mean
495	critical discourse definition
980	devilbiss medical
1473	signs and symptoms of copd
322	what nationality is last name baker
759	why does my hard drive shut down during use
378	what does syndesmosis mean
758	what university was founded by thomas jefferson
1775	is purple kernel dominant or recessive
932	what are the characteristics of mycobacterium leprae
343	most romantic resort in arizona
293	what does a carpentry contractor do
441	what is power play on the lottery
1169	how long do male chickens live
1501	can you eat kitchari other than a cleanse
81	define expressed terms
1716	what electric companies are in tennessee
694	what is the weather for yakima wa
971	definition of superpower
1196	why did germany japan and italy become aggressive internationally
1316	how old is lil p-nut
1033	what county is merrimack nh is
339	wellness coach requirements
749	how to convert scanned document to word
1121	obesity definition medical
1395	what affects internet speed
174	effects of long term syphilis
1286	where is mount calvary located
1584	define clinical outcomes
1618	what is a community fee for assisted living
729	how much does lasik eye surgery cost
794	what is api tincan
862	what is the real truth about diana princess of wales
1645	what county is monroe new jersey
1720	shoe carnival hours of operation
218	what is the largest river in canada
1553	what is a exhaust valves
61	what actor died today?
1485	concussion symptoms excessive sleep after
227	definition of the color ivory
1456	wa federal bank routing number
1224	what area is zip code 15205
546	salary for a jewelry repair technician
1610	courage the cowardly dog mecha courage
410	is zinc harmful if swallowed
1520	fpga definition
734	how much does an mds coordinator make
1076	what movies did meryl streep play in
463	what is a matron
1406	how much does it cost to have a dog per year?
406	what is iron vitamin good for
850	what is latitude
183	what is the primary input device on a computer?
1055	Who is James Middleton Dating
17	what does msm do for the body
1314	grubhub stock price
1172	what style of art did picasso do
1699	how long can you leave tea bags on bleeding mouth
1794	who plays dylan in geek charming
1111	what is normal level of protein in urine
402	what is trichophyton mentagrophytes
1677	seattle university cost of tuition
202	what are the symptoms of polio
1136	who is the greek king of gods
635	average temperature boerne tx
38	glycemic index definition
258	when using parentheses where do you punctuate
222	natural classification system definition
602	what is dwelling house relief
852	what position does klay thompson play
1192	what is surgery without incision called
585	how far is luverne mn fr sioux falls sd
755	what is the medical term for sperm
572	how fast do pronghorn run mph
1504	what to do for a migraine
511	short definition of prose
279	how long to cook a sirloin roast
1233	how many babies can a garter snake have
579	what's my dell model number
1644	what are some operating systems for computers
700	temperature pismo beach california
945	what do eye care optical
274	how long eye dilation lasts
706	what county is newport mi
1486	what colors do plant pigments reflect
820	what is the medical word for combining fungus
563	annelids are divided into segments called
332	most famous destinations in the world
1085	how much snow in mccall id
65	what does a market analyst make
282	what does the flag upside down mean
515	what does the acronym bps stand for
1377	Where does the word brodie come from
640	what is gran# test in blood
238	what monomer is nucleic acids
226	is cream of tartar used for infections
782	what modern day turkish city now stands where constantinople once was
376	aama fax number
173	why does my child have headaches
1608	what is below the splenius capitis
142	how long does a kidney sonogram take
43	how much does a nevada dispensary license cost
1208	how the explain the role of a character in an essay
338	what software to remove malware
1532	causes of a dog that pants heavily
1132	what is a slotting allowance
1133	lakers preseason schedule 2016 gamr one
587	what kind of snakes live in eastern north carolina
66	what is a lag pool
172	where are the turks and grand cayman islands
493	how many atp are produced in fermentation
887	What are the three main types of blood cells
220	the meaning of the name aria
310	simple ottoman empire definition
1333	who is trudeau
1344	how much are stamps worth today
1555	what cars are included in the takata airbag recall?
47	what size cage do hedgehogs need
1129	which muscle types are striated
926	what class narcotic is morphine
1031	does methadone affect pregnancy
132	do you refrigerate kale
509	cost of nln membership
1419	when is mating season for pandas
1471	does fat weigh more than muscle
1019	symptoms of eosinophilic esophagitis in kids
1755	where can polar bears be found in alaska
1549	average seat at a nfl stadium
928	author who died
719	how many credits in bachelors degree
1440	violations of hipaa
1519	how much does asda pay
765	definition lamentable
59	what does a broken rib feel like
275	what is a main waste stack
577	what does mms messaging mean for ios
653	how much is a bathroom remodel in chicago
1664	what are atrioventricular valves
257	how much is lynyrd skynyrd flame album worth
427	what is priory
435	what is the normal potassium levels
1044	when elderly keep falling
1191	what is the history of ipa beer
1336	is global warming a hoax for liberals
1182	average power usage per household
1159	names of those who have been guitarist for stevie nicks
1732	what does a cold air intake do to my 2003 chevy 5.3l
473	what is pay air cargo?
469	define synteny
164	what county is sumterville florida in
1261	my asus transformer laptop wont turn on
1524	english peas calories
1071	what does qat mean
1096	ton definition
977	how much should you pay for a housekeeper?
89	what happens when all the planets are aligned
898	cost of tesla electric car
1730	the meaning of peripheral device
918	are terminated workers dislocated workers?
558	calories in deli chicken
907	what is irregardless an example of
540	disease caused by magnesium deficiency
1744	most successful online dating sites
1632	how to get your blood pressure down in an emergency
1127	what happens to the temperature of a substance during a phase change
1431	what are lymphoma
607	how much to build a screened patio
29	what county is wayne maine
1758	is glucose the most important energy source in our bodies?
995	what are the unique features of the sun
1343	when did nelson mandela die mandela effect
19	what county is saddle brook nj
1656	device to record phone conversations
1094	how many died from flu in the us
1217	how to become a vet assistant in canada
314	how long to wait to stain deck
1462	what's middle income for a single person
1305	how long till a pregnancy test shows positive
962	where does royal family live
1361	what fishing lures to use for trout
217	how accurate is fury
1701	can you bring a kid to the oath ceremony
875	amount of tylenol grams in percocet
1042	what do metal building manufacturers provide
1075	how old is portugal
245	what is the process that continually adds new material to the ocean floor
277	average cost of hood repair
970	explain why ribosomes are called protein factories
1223	weather in kail
263	how much money can you put in roth ira a year
1742	age requirement for lottery
1405	define pleonasm
1162	who is trc capital corporation
895	what did eazy e die of
1367	what cause rainbow to form
726	what's a hater
692	doctors hospital of laredo npi number
130	what kind of saline is used in eyes
671	define homologous chromosome
79	is the basic unit of biological organization of the human body.
18	which command is used to combine two or more cells together into one cell?
522	how long after suboxone can i use heroin
198	is ptsd related to asthma
1046	what is the cause of the symptoms nausea throwing up
1629	what is saline
1792	what kinds of jobs are unskilled labor
1321	definition for curation
1536	what is a stucco
1606	briar girl name meaning
868	what county is doral florida in
45	what is long form of gis
703	what is an assistant professor
207	what time is it in higginsport oh
1252	what are some common ways to relieve stress
880	what is apy interest
556	keesler federal credit union routing number
931	calories in the flatbread from subway
1084	how long has baby ruth candy bar been around
739	causes of serous of the liver
388	why perform a tolerance stack
550	average USDA salary
1039	define what an aim is
1769	where is aaron burr buried
1634	what time is the king kamehameha day parade
529	what is opentext content suite
936	how does a person's civil rights and civil liberties differentiate
389	what is an aquastat
1001	what causes weakness and shakes and fatigue
623	tuition fees for carleton university
431	how hdl is increased in the body
589	polynomial definition math
899	what is a formula node
527	what is a coniferous tree
1586	what is ascetic
1381	do judgements hurt your credit score
10	whats the difference in stitches versus staples
32	what are cap
1523	how long do shingles scabs last
1582	what airport do you use for virginia beach?
12	where is j hope from
993	year to date rainfall in cincinnati ohio
1676	at what age can you tell that a child has autism
1650	wat is cdh
859	how much in gallons does a tanker truck hold
684	which part of canada did the titanic sink in
283	is tandoori chicken spicy hot
1478	how tall and long do foxes become
1428	what is tea tree used for
1266	who wrote my cousin rachel?
1311	when were the teletubbies on
327	can chlorine burn hair off
307	does stevia affect insulin resistance
1294	how long can you keep uncooked chicken frozen
976	what does face value mean
1425	marine corps number enlisted
303	what side effects does restasis
1665	how old was ian mckellen during the lotr movies
1739	what does name the group on the windows start screen do?
1703	when did the mariners start
1441	is ballistic nylon waterproof
1779	when can you start leaving your puppy home alone
636	what is a gift tax?
533	how many hydroxyl groups are in a glycerol molecule?
1417	what fort is in pennsylvania
713	is it safe to drink nettle leaf tea
644	mandatory arrest policy definition
568	what is the main zip code for fort wayne
583	when will night shift ep
966	what is the constitution's guarantee clause
1264	average salary of a website designer in nyc
1421	how long do you cook frankfurters for
851	what cause day and night
408	what's the population of brazil?
83	number of digits in a mastercard
1733	steel product types
1585	how long can kittens go without food
1077	benefit of real estate ira
1660	definition of sample survey
1679	what is a nautical barometer
764	cost of concrete garage
1671	cancer that affects the brain and lung
741	what year did daylight savings time begin
532	irish minister of enterprise
1605	what is placeholder
1675	nyhrc cost
721	how to fix dark screen on lenovo laptop
833	george strait worth
1514	age of legal consent for marriage in nebraska
924	how the nervous system help muscular system
554	wind waker how to get on the ghost ship
1308	how wide are bathroom vanities typically
1126	cost of voltaren gel without insurance
857	what impact does laws and regulations have on the health care industry.
375	irish names meaning black
1297	what is a campfires temperature
1496	early symptoms of gonorrhea in men
1515	what is the cost of a mosquito authority franchise
1135	what causes nail fungus
881	what are good laxative
409	what did mary kingsley explore
51	cost per square metre tarmac driveway
476	does adderall improve cognition
1229	how much does a neonatal nurse make yearly
1713	what causes blood blister on bottom lip
1545	how long to cook sausages on bbq
266	weather angola in
240	what is hydrocodone liquid used for
1583	is the ivory billed woodpecker extinct
67	how much is a membership for anytime fitness
648	what is the nutritional value of an apple
1737	what county is visalia ,ca in
975	where is washington, nh
1043	what does the fcc do
1212	different types of estrogen replacements
994	does hands swell when you have blood clot
632	symptoms of a meniscus tear and oa of knee
788	what is the part in a bamboo culm between the nodes
249	what is the minimum credit score for fha loan
1320	how does the fourteenth amendment address equality?
178	how much would a boat cost
177	how long to roast prime rib roast
912	does glacier national park have volcanoes
9	what does spark stand for in pe
145	what can cause a rash
605	how can i retrieve deleted text messages on my samsung galaxy s5
1181	what is the meaning of bamboo tree
1600	can i uninstall hp orbit
539	when was the last time paul mccartney was at fenway
933	what is the weather like in russia winter
1072	what are blood clots from
1424	is bam margera dead
492	audi customer service number
524	how long do hydros stay in your urine
461	when was nixon president of united states
36	what is urethane foam
1513	is mediastinoscopy an outpatient procedure
1244	who is jima
1284	causes of swollen legs and feet in men
1572	how long will for stay good in a refrigerator without power
805	can a pisces love a leo
718	reclast infusion how administered
1579	how long for piercing to heal
688	population of pacifica ca
1791	what did ulysses s grant invent
180	how do I get google maps on my iphone to speak
947	when was the mercedes rollover system first used
269	average medical technologist salary at labcorp
791	average salary for nurse practitioner in ca
1751	what causes morton's neuroma
510	why do heavier objects have more inertia
575	hilton administrative sales coordinator salary
353	how much is full coverage car insurance nj
1541	what is the climax of a narrative?
578	how long does it take for a baby to be born
1100	what are orbs
404	how many players are on the cowboys roster now
1037	what time pacific time zone
452	what is a hipster
260	why must you use the same restriction enzyme to the cell dna and on the plasmid
1291	symptoms of heart murmur in children
304	what is gin brewed from
1510	what causes a metallic taste in the mouth?
860	meaning disease
1416	what county is haverhill ia in
871	how to do speed distance time calculations
922	pnc prospect ky routing number
1789	how long after starting antibiotics will i get better
358	what is intergenerational programs
1588	how to set up a trust fund for a child
1269	does all commercial cooking require a hood
1384	is la conner dog friendly
1216	what is rosacea skin condition
1112	what's left in an empty oxygen tank
357	how soon do pregnancy signs
449	when was pope john paul canonized
665	average rainfall atlantic ocean
1281	what is the use of a refractometer
393	what do baby cardinals eat?
811	what does advocare spark actually do to your body
1002	how do covalent bonds hold atoms together
230	lenscrafters eye exam cost
1143	can wisdom teeth replace molars
181	causes of floaters
711	what is the goddess of venus
236	must yield meaning
832	what is leather lung
619	definition of confute
1160	what germ is stenotrophomonas maltophilia
1489	what temperature should you cook pork tenderloin at in the oven
1198	how is sandstone formed?
580	when was gabrielle giffords shot
69	what is close up shot
1149	how many seasons of homeland are there
1090	pharmacist salary in oregon
347	what is the difference between an ein and a tax id number?
1414	symptoms if poisoned after death
30	what is improbable
262	how much in pint
1576	kangaroo slang meaning
1064	how long i should wear the boot for fracture my foot
657	how many credit hours are required for a bachelor degree
935	what is a parcel locker?
1153	is it ok to eat lentils everyday
188	what does rm stand for weight training?
1268	what years is considered victorian
1332	what is a shop marketplace
420	who was behind the organization of a group known as young italy?
1379	when is the time change for the fall
289	why mae jemison is famous biography
939	how many rooms in white house residence
1337	are limes a natural diuretic
655	protein branching are bonded by what
428	leo valdez son of hephaestusin real life
1714	define divisive
526	how to limit disk usage
567	what is a cerebal abscess look like
1502	average down payment
989	what is fertilisation in a plant
171	what is 4fa
1562	what is a carnegie unit
691	how long do you have to file a tax return
1009	phr certification required
422	what is the zip code for fort lauderdale
1161	what can cause chest pain besides the heart
1465	definition differences of affective and effective
1469	why did the doctor run a shbg test
1781	what is the authors purpose sweet music in harlem
601	what does rdw mean on a medical re
1476	where is the postcard hotel
1306	mexican american war definition
387	largest global retail banks
1718	where is puerto plata located
1505	where is bridgeport wa
278	medicare benefit period defined in federal law
93	what is in dxm
1499	what's the weather in mexico/
153	define chemical agents
1334	youngest player to hit a home run
4	what is ashwagandha turmeric
1400	what does it mean thickening of the uterus
370	how long do i have to wait before retaking a driver's test
1602	how many vitamins and minerals are in spinach
149	what is the function of guard cell in biology
1065	most expensive car brands
99	june is notional what month
168	apa membership cost
799	what does potassium do in muscle contraction
1448	was jamestown vital to us growth
536	waguih s el masry office phone number
313	what is a disadvantage of asexual reproduction?
1690	order of magnitude estimate definition
187	how long does it take to become an army colonel
830	what year did the nba start shot clock
423	what is the concept subversion definition
1038	typical price for central unit install
294	what is a 'score'
195	bank of canada daily noon rate
325	who was john gutfreund
1595	what year did fedex freight acquire american freightways?
459	what is procedure for cat scan
298	common causes of workplace accidents in the warehouse
776	is gearing ratio the same as debt ratio
1309	where was the trajan column built
1093	hulu live unlimited screens price
1494	itil definition service request
997	if your pupils are small what does that mean
1274	how are hurricanes measured and classified
1432	how to completely dry mushrooms
1657	how much does a maid cost per month
1399	what is defense finance and accounting
642	what is in a cbc with differential
1226	age for bulls to breed
170	what type of procedure is a prostatectomy?
1760	what is kaya
1503	what are morphosyntax
1057	who plays moana voice
1142	is phosphorus found within other vitamins?
1719	metastatic meaning
998	what county is innsbrook mo in
1500	how long to cook firecrackers in oven
784	what is the difference between an outlier and an influential points
424	what forms a wrapper around tendons
1331	rupert boneham net worth
267	how far is siesta key from atlanta
1317	what is special needs leopard gecko
1570	bieber net worth
1008	how to reduce belly fat?
1145	what does a mirror signify
1073	foreign adoption applying for us passport
460	severe sepsis definition
1144	who defines a scientist
668	what are gemini personality
117	what is ataxia in cats
366	what days of the week is changing of the guard at buckingham palace
1087	salary for registered nurse in british columbia
1347	where does bill clinton house
781	what region of the american colonies were baptists become predominant
1335	what is the role of nucleus accumbens in schizophrenia
1689	i filed a claim for hail damaged to my car can i still insure it if they total it
1158	what to avoid eating while on antibiotics
733	when do kids start to walk down the stairs alternating feet
596	contemporary meaning
109	where is verizon based
1295	what is addition reaction
836	mephisto customer service phone number
1236	how to keep your liver healthy webmd
1604	how long can you have a temporary license tab for a vehicle
894	how much do.chef business owners make
1480	when did slavery end in usa
333	difference between io and cost center
1601	how are prairies formed
485	what is vision therapy
489	what is the difference between  tropical and subtropical climate
1614	what came before a phonograph
175	population of frankenmuth michigan
1068	what do you call an organism that can manufacture its own food
1401	what does fables mean in the bible
1066	calories in a pound of pasta
224	what is the minimum railing height
48	what are some common mexican ingredients
1472	what age are generation x people
1107	where is harrisburg pike in columbus ohio
519	what does the name everett mean
380	the meaning of the medical term neurologist is:
678	who is tim armstrong
119	flare definition
1748	define the concept of health
1466	what causes sudden tiredness
1697	population leroy, mn
1774	can you paint stainless steel
399	did israel invent the cell phone
929	what is an asin?
631	what is the closest airport to lynchburg va
1638	what does carbonated mean
111	france population demographic
1506	define commonality
1674	how long does it take to flush nicotine out of your system
1185	could a cell phone save a life
1012	simmer cooking definition
204	what is cherubim
867	what did dilma rousseff do in her presidency
455	why moody after ovulation
315	definition of digital zoom
179	how long before wedding send invites
612	when were the first african slaves brought to the us
1622	calories in seagram's escapes
248	god's definition of love
1766	what county is tolleson arizona
1263	cast of movie spotlight
622	what happens in the oceans after an earthquake?
243	does irs report to credit bureau
391	what are nike for
1355	how many lumens tac light
542	calories in egg mcmuffin mcdonald's
804	what year was the navy founded
725	is there a time period to which administrative monetary penalties may be imposed
570	how does lifetime reserve days
930	gastric meaning
1206	how much to make a low budget movie
1560	what age is whatsapp for?
1587	where is the marginal way
295	what do bond ratings indicate
1710	average cost of teaching degree
1490	why is granite rock different colors
1530	requirements for commentators
796	are the adrenal glands part of the immune system
1195	what cause chest pain when breathing
988	where is the bayou in new orleans
1003	what causes sleep talking
156	what is medicare type a
991	chroma definition
1568	most gas in atmosphere on planets
242	how far apart do horseshoe stakes have to be
1497	how to stop using truetwit
737	how to calculate labor efficiency ratio
747	daytona state college federal tax id number
1078	what did larry nassar plea
369	is pineapple good for you?
1427	define good samaritans laws
496	foods for an alkaline diet
821	what are phthalates in fragrance oils
1004	define extended family
840	define medical quarantine
256	how fast does food coloring dissolve in hot, warm and cold water
1255	are hummus andd bread healthy
1225	when was the declaration of independence passed
1011	how much do nightclub bartenders make
763	was alcatraz ever not a federal prison
403	what is africa
1433	name of a company that grows avocado
849	where is dumbleyung in wa
157	what schools have a radiology program
956	what can you eat or drink for energy
1050	meaning of name Tahir
562	how long to keep cheesecake in refrigerator
1310	minimum crawl space height
740	what is pos software
483	how to send a transcript to an email
1164	how long to cook shrimp on the grill in foil
1754	globalization and transnational crime
1279	why did america issue the neutrality act of 1935
101	what does the name layla mean
480	magic how to do the rising card
597	best food to eat with sore troat
53	what are the benefits of cabbage soup diet
1621	how is a ruler
426	how long will a ham last in the fridge?
873	what is the culture definition
1464	how to bake a semi boneless smoked ham
125	to lag definition
1566	what is harvard law acceptance rate
594	what does a road atlas teach us about a country
268	who is bge
1365	how long does chicken stay good after opening
1362	how long does eyelashes take to grow
1467	what is a remote captioning
863	how long does it take for water to digest
1684	what causes down syndrome answers
814	what are the side effects lexapro
213	WHO WON CARRIBEAN OR AUSTRALIA LITTLE LEAGUE WORLD SERIES
1243	which color collects the most heat
620	what instrument did hoagy carmichael play
1239	can oversleeping cause tiredness
680	proper weight training schedule
908	Proximity definition psychology
1074	what effect will cutting the vagus nerve branch have on gastric function
1298	cost of cyber attacks
1765	where was mamma mia shot
710	union busting definition
1141	______ is the failure of chromosomes to separate during meiosis.
919	how long does it take a dog to get pregnant after sex
913	what criminal theories are associated with capital punishment
1786	mayo clinic what causes a big toe to hurt
941	what country is a purple horned winged lizard
1508	ed stock price
192	who is sudha murthy
24	what is the different types of house paint
1301	how to stay married to a police officer
789	what temperature should whole chicken
646	what is a german breakfast?
1516	what is the definition of astute
1482	what could cause frequent urination
58	what is average wage at ups store
98	age of dem senators
1640	most expensive cities to live
670	what the second amendment means to me in depth
1479	what is fructose corn syrup
1637	what causes tb a virus or bacteria
651	types of outdoor hose bibs
334	what boundary creates islands
1420	what are examples of continuous data and discrete data
1290	what is delegated contract authority for state agencies
144	what is the temperature in the moon
592	how much do claims adjusters salary
1729	define court system
292	how does the human rights act affect the police
312	what is the difference in an internal doctor and family medicine doctor
1662	what initiates a nerve impulse
1460	what color is tidal?
1531	what is kiddush
1368	what causes eczema and dermatitis
1030	how long does it take for leopard gecko to settle in to new home
1631	average price of health insurance individual
141	most commonly diagnosed mental disorders
1118	may is egg month
1176	what is diabetic
1000	what is an ipa keyboard
122	what is the salary for the mma  fighter
468	longest yard sale wiki
287	what kind of vitamins does yellow squash contains?
506	where is monticello ny
1611	where are eosinophils produced
1785	cost of dominican republic tourist visa card
1575	how long does it take amiodarone to get out of your system
1354	what criteria qualifies hampton franchise
432	definition of adt security
1722	what are the different types of neurons?
114	is zantac safe for kidneys
479	names of westlife members
790	what is complimenting someone
186	average student loan debt for college graduates
565	highest career batting average
523	who was fdr's
837	how to find the opposite side of a triangle
1117	how long does a fire extinguisher last
663	what chemicals are best for a hot tub
1293	Water is considered what type of chemical bond?
146	when does pruning occur
1193	what is energy homeostasis
1404	what is the over the counter medication for toe fungus
1271	what tribes were part of the cherokee nation
70	can massaging breasts increase size
374	what are the different sizes of gravel
1188	what is the thrive product
825	what is chalazion
417	where was the most recent tornado
603	translation of the name mara
1116	what food did lewis and clark bring on their expedition
676	glucose level the same as blood sugar?
614	how long do you roast a chicken
1410	causes of neck.pain
1022	how much is self employment tax
772	livre french meaning
817	who does a public defender work for
1373	what to drink for heartburn  ??
698	what sinai
1696	pennyweight definition
855	foods good to eat for gout
1567	what are stars made up of
569	how long does a DUI affect your insurance
326	what does the f number mean on a camera lens
874	what is tri zinc
1170	what are non-exempt employee
193	definition pathology
1303	is tattooing a dermatological treatment
1430	why are tapirs hunted
1790	what ph do potatoes like
1285	what is the corpus luteum formation
1007	how long can you keep frozen chicken in the freezer
383	what products does dyson make
667	what county is delray beach florida
466	what lab test is mthsr
26	is mb bigger than kb
54	what speech is most protected under the constitution
398	what is the major purpose of correlation research
1070	cost to add a smartphone to verizon
405	when did the song lean on me came out
1615	where are the largest farms in tn located
138	what body system provides support
425	what is a honda magic seat
440	what flavor is yellow cake
1165	what does mobo stand for
1443	where does the term red tails come from
1599	ebt card number
1580	how far is lake buena vista from tampa
835	do suppressor t cells function by inhibiting t cell formation
1058	is white castle expanding to new markets
1663	what are warm tone hair colors
337	who is the writer of the song forever changes
467	what city do the nba suns play
1750	what was the sherman antitrust act yahoo
547	symptoms of misaligned pelvis
437	118 area code location
154	foods that bloat your stomach
5	why get an msn degree
382	how long does it take baby kittens to mature
1474	calvin ramsey npi number
780	where is clayton indiana
349	what role did u.s. security forces play in vietnam during the kennedy administration?
105	what is an economic model?
189	crunked definition
6	withdrawal symptoms of seroquel
1253	hoda kotb salary
823	how tall is a giraffe?
1105	_____ are chemicals released into the bloodstream.
1137	mediterranean seasoning
1756	what sound do llamas make
1010	what kind of business is alorica
443	what is an fbc blood test
566	define disassortative mating
1110	what is echogram test
319	how many calories in a piece of blueberry pie
1693	what is swag
1370	what can cause you to have diarrhea
233	average income of middle class household
679	types of engineering salary
1210	when will i start to feel the baby move
1352	element definition
525	how much sugar per day
1437	what is the impact of information systems on organizations?
1706	what microbes are there
1493	what does the name doku mean
1418	bsol academic colors
979	who is the voice of hudson on cars
1735	how long is brewed tea good for in the fridge
139	barnes field house phone number
743	what is occasional use of marijuana
732	oral yeast infection contagious
1063	jessie lui
1468	foods that contribute to gout
1113	population of overton nevada
905	what was the score of the us canada hockey game
75	what is pharma bro
407	what is the abbreviation for missus
704	what does tassel it is the place mean
690	what county is royse city in?
1396	what helps chapped skin
960	cost of long term care insurance by age
999	what is ast test used for
590	how fast is the wind velocity?
102	most billboard number one hits for a solo artist
1091	definition of human subjects hhs
878	how is darts scored?
390	how many grams of sugar a day?
1250	what is transactional analysis ?
809	what is kaitlin snows real name
709	what does fall begin?
834	what is phase on a sine wave
866	what is the carry on size
272	what is the difference between uber pool and uberx
346	how long after food starts food poisioning
865	what is the state flower for nevada
1552	what are the reversed runes
1563	biggest snakes in the world
1725	what is an archgola
822	which industry almost exclusively uses micr?
1240	what food is high in folic acid
1119	what is chlorofluorocarbon in english
1101	where is himrod new york
1104	is self insurance insurance or a deductible
1623	can you put foam in the microwave
1232	can eczema get in your scalp
190	how old is bruce wayne when he becomes batman
1092	where is kathy bates from
472	black friday what does it mean
883	meaning of vineeta name
819	what does the term fraction mean
1654	what are diaphragm valves used for
1345	what nutrients support the ligaments?
888	good source of food if feeling nauseous
447	what airport is closest to niagara falls
1053	why is malawi called the warm heart of africa
454	cpfr refers to
800	average salary for assistant company secretary
223	what does gmat consist of
544	what language does belgium speak?
110	what is the temperature in seattle wa
1215	what is the use of scope_identity in sql
413	what organ is located in the dorsal cavity?
795	is there a cure for posterior blepharitis?
1300	can fibroids cause pain after menopause
769	what is the current fed funds rate?
367	what is sunbutter
1123	what is an avulsed ureter
927	what can cause a bladder infection
252	john f kennedy accomplishments during presidency
792	different types of animals coloring sheets printable
582	what is connotation in literature
1685	nature valley customer service phone number
1045	what's the definition of breadwinning
185	arkansas state military benefits
751	xolegel gel
1526	weather in san antonio tx in feb
1683	can severe stress cause severe itching
214	what does the word salutation mean
228	caylea woodbury
1376	what are adjective phrases
1687	what is celebrated in april
1060	what is frankincense
1642	is acidophilus good to prevent yeast infections
55	can you have schizophrenia and bipolar
872	beats per minute movie
1617	undue benefit
1726	why did japan refuse to surrender
316	what county is collinsville il'
1747	what causes bronchial tube inflammation
1772	what are iata regulations
439	what county is rainbow city, al
491	what is dabs
1643	what is meant by a bot?
1767	what do radar detectors detect
586	what is an ombudsman
937	where is p.stuartii typically found
1375	when was the humans are dead- flight of the conchords made?
886	what did the article of confederation not allows congress to do
982	what unit rate
884	what is flexpod technology
1795	meaning of the name cesar
392	how do you know you have swollen lymph nodes
1339	where are rap snacks sold
1793	what cause a cat to lose its hair
1180	what do milk snakes eat
1086	how many shekels of silver did king david pay araunah for his threshing floor and oxen
1173	types of tie
682	surgeon salary per year
1387	what foods to eat for loose stools
613	how many voting member are in the house of representatives
901	gamestop how to download previously purchased games
85	what is sweetwater brewing company
1659	cost of renting a tent for wedding
1265	at what age can a child decide which parent they want to live with
892	what organ does gastric lipase come from
1702	how long to unfreeze turkey
1190	what is the routing protocol for the global internet?
169	what year was bristol township founded
516	causes of throbbing leg pain
1477	what are beta blockers
360	what is goblet
309	is alorica a real company
1550	do mouth guards help tmj
416	average iron distances for senior golfers
165	how many college credits are needed to be a pediatrician
984	pacifico calories
211	effect of hookworm symptoms
1538	address for expresspcb
13	what is the procurement management process
1592	how many hours for monthly payroll
1017	who sang i cry like a baby
1429	what scale is used to rate hurricanes
88	what foods have lots of lectins in them
545	what was the political parties before democrats and republicans
1249	when is it time to put a cat to sleep
503	how much does the bench press bar weigh
1593	average time babies are born
133	where is elkwood, va
1413	square emv
1140	what foodborne illness is chicken known for having quizlet
974	what exactly is forskolin
983	how long does a cigar last wrapped in it original wrap
1079	symptoms of heel spur
1348	what are the parts of headphones called
250	is primrose native
1383	hebrew meaning of the name onan
1620	how old is mackenzie hancsicsak
996	what is frankfurt in germany's airport code
1231	who were the main romantic poets
652	side effects of breathing in peppermint oil
1796	jewish ghetto definition
135	how many weeks has a year
372	whining definition
914	what is the most common cause of death among adolescents?
1491	most popular creole dish
824	is there a statue of limitation on debt
738	what r major mountain of greece
1122	what company makes the caprice cars
724	what county is raymond, mn in
1651	when was emergencies happened in india
802	cast members of ncis
1015	what county is fruitland, id
616	is jacksonville a good place to live
329	which critical thinking skill is described as the practice of
593	what types of companies are considered upstream
401	gladiator meaning
434	what year did breath of the wild come out
624	how many people live in tolleson arizona
324	do vegetarians drink animals milk
95	how many oscars has martin scorsese won?dfrewsacvbgt
140	where would the pain be in a lumbar hernia
84	unilateral definition medical
972	what is the difference between fosinopril and lisinopril
273	where is bacillus anthracis most likely found
1390	how to send certificates of stock internationally
1412	what is adt
961	what is thunderease for cats
470	how much money does lsu make on football
247	what are butterflies habitat
576	is hpv inherited
124	what are the principal differences between a radio wave and light? between light and an x-ray?
1457	can a father be on a birth certificate without a paternity affidavit in indiana
1444	fractured rib symptoms
925	cost of remodeling a pool
1202	price museum of speed
354	where is breezy point minnesota
1512	connect to another pc on wireless network
1359	is symbicort a steroid
1099	what is the symbol in front of bills called
355	what is the difference between cajun & creole
166	how many people currently serve us.military
903	what are parachutes
1242	how much protein per day cutting
450	arcoxia side effects
535	what does thali represent
76	what is seisin in real estate
829	what county is richmond, ky in
1270	average cost to trademark a logo
681	at what age can i get medicare and social security
330	what is fiber means
1186	what is a sms message
331	is depression common during perimenopause
1759	why is my laptop not playing sound
296	who starred in movie saved
72	what is the medical diagnosis of pasterick vitreous detachment
1260	what is ice diamond
1578	is aspirin more effective than tylenol for headaches
1275	what is mangroves
1484	what pictures can you get before the wedding ceremony?
210	how log of school you need for a lpn
1179	what organism is involved with meningococcal meningitis
1666	do respiratory therapists use stethoscopes
808	what county is ashley , mi in
356	health care insurance monthly cost
659	how many feet length and width in an acre
661	what is chayote in english
543	who was the first african american woman astronaut to go into space
1005	what county is fort hood texas
137	most charming kingdoms to visit
1241	which formed as a result of the compaction of dead plants
1338	causes of uti in kids
637	is thallium a metal or nonmetal
1124	how many died in battle of blair mountain
163	what is allspice
1776	where is southampton solent university
1130	what event officially started wwi
20	what is buzz group activity
1724	cardiac tissue definition
1565	what is object of life game
777	what does it mean to advertise
1749	in what county is madisonville, tn
1646	what ingredients are in relief factor
656	what are the advantage  of clinical chemistry
1598	what was the greatest contribution of tycho brahe to astronomy?
571	what is the difference between white and caucasian
551	meaning of name evan
1006	symptoms of salivary gland problems
1358	is mileage deductible?
94	phone number to order crepe erase
798	where is costa mesa ca
1386	what is mixed connective tissue disease
1016	what to dip sweet potato fries in
1257	who wrote the james bond book series
812	how are service managers paid
1783	how heavy is the water pressure?
1597	where is mandarin chinese from?
1207	what is alee
321	what pairs with pinot rose
753	who is john gray author
1189	what is an opinion statement
488	how much is it to run a swimming pool
1787	how quickly do ice cream scoops wear out
167	how long is sentence for manslaughter 1st degree
672	is median and middle the same
14	what is the tax rate for martins ferry ohio
736	how long to get from nice france to marseille france by rail
1688	us iceland time difference
770	does windows media player play mkv files
702	what is idioms
861	what is the passamezzo
658	color of feathers meaning
1741	what county is  tremonton utah
1152	how far from milky way is andromeda
893	an important function of sodium is
1537	vaginal dryness causes
1569	number of epic employees
474	what is a crimson key
1442	what is ethos in literature
395	what is the largest consumer of electricity
1709	what is the different types of psychic
1238	what does elint stand for
588	when was windows live discontinued
774	ms what illness definition
968	what is remote electronic voting
803	foods that have fats
1761	lowell indiana is in what township
856	potluck meaning
697	can you paint the basin
950	how many liquid teaspoons in a cup?
482	translator that speaks the words
497	what is the population in texas
1488	what is a length of a day
1574	what car were bonnie and clyde killed in
831	at what age does the posterior fontanel close
